	head_initial_weight
ADJ-clf-ADJ	0.0
ADJ-clf-NOUN	0.0
ADJ-clf-NUM	0.0
ADJ-clf-VERB	0.0
ADJ-comp-ADJ	1.081356893524789
ADJ-comp-ADP	2.8238308246771746
ADJ-comp-ADV	1.6538461538461535
ADJ-comp-AUX	20.076333666859718
ADJ-comp-CCONJ	0.0
ADJ-comp-DET	0.5
ADJ-comp-INTJ	0.0
ADJ-comp-NOUN	2.2086861835080756
ADJ-comp-NUM	0.0
ADJ-comp-PART	30.525176852218724
ADJ-comp-PRON	0.8536716868834499
ADJ-comp-PROPN	2.5501784445687594
ADJ-comp-SCONJ	18.019968713550767
ADJ-comp-SYM	0.0
ADJ-comp-VERB	5.8415018808549775
ADJ-comp-X	0.0
ADJ-comp:aff-DET	0.0
ADJ-comp:aux-AUX	0.0
ADJ-comp:aux-PART	0.0
ADJ-comp:aux-VERB	0.0
ADJ-comp:cleft-AUX	0.0
ADJ-comp:cleft-SCONJ	0.0
ADJ-comp:cleft-VERB	0.0
ADJ-comp:m-ADP	0.0
ADJ-comp:m-ADV	0.0
ADJ-comp:m-NOUN	0.0
ADJ-comp:m-PART	0.0
ADJ-comp:m-PRON	0.0
ADJ-comp:m-VERB	700.2500000000109
ADJ-comp:obj-ADJ	35.5
ADJ-comp:obj-ADP	4.216900679245698
ADJ-comp:obj-ADV	1.6076923076923078
ADJ-comp:obj-AUX	0.0
ADJ-comp:obj-CCONJ	0.0
ADJ-comp:obj-DET	0.0
ADJ-comp:obj-INTJ	0.0
ADJ-comp:obj-NOUN	2.437082808851674
ADJ-comp:obj-NUM	0.0
ADJ-comp:obj-PART	0.0
ADJ-comp:obj-PRON	0.9380206386774956
ADJ-comp:obj-PROPN	6.393186003683244
ADJ-comp:obj-SCONJ	60.978873239436304
ADJ-comp:obj-SYM	0.0
ADJ-comp:obj-VERB	0.0
ADJ-comp:obj-X	0.0
ADJ-comp:obl-ADJ	0.7815217391304348
ADJ-comp:obl-ADP	3.027880328851168
ADJ-comp:obl-ADV	0.0
ADJ-comp:obl-AUX	130.49999999999955
ADJ-comp:obl-CCONJ	0.0
ADJ-comp:obl-DET	0.5
ADJ-comp:obl-INTJ	0.0
ADJ-comp:obl-NOUN	2.0894658647268067
ADJ-comp:obl-NUM	0.0
ADJ-comp:obl-PART	47.952253218884024
ADJ-comp:obl-PRON	0.7837376715293759
ADJ-comp:obl-PROPN	1.8971294722299605
ADJ-comp:obl-SCONJ	22.578724915004756
ADJ-comp:obl-SYM	0.0
ADJ-comp:obl-VERB	7.265241790616648
ADJ-comp:obl-X	0.0
ADJ-comp:pred-ADJ	0.5073556389075897
ADJ-comp:pred-ADP	0.5
ADJ-comp:pred-ADV	0.0
ADJ-comp:pred-AUX	700.2500000000109
ADJ-comp:pred-CCONJ	0.0
ADJ-comp:pred-DET	0.0
ADJ-comp:pred-NOUN	5.391433418150975
ADJ-comp:pred-NUM	0.0
ADJ-comp:pred-PART	0.0
ADJ-comp:pred-PRON	0.0
ADJ-comp:pred-PROPN	0.0
ADJ-comp:pred-SCONJ	1.8076923076923073
ADJ-comp:pred-SYM	0.0
ADJ-comp:pred-VERB	0.0
ADJ-comp:pred-X	0.0
ADJ-det-ADJ	0.0
ADJ-det-ADP	0.0
ADJ-det-ADV	0.0
ADJ-det-AUX	0.0
ADJ-det-CCONJ	0.0
ADJ-det-DET	0.717411575077482
ADJ-det-NOUN	0.0
ADJ-det-NUM	0.0
ADJ-det-PART	0.0
ADJ-det-PRON	3.4838709677419346
ADJ-det-SCONJ	0.0
ADJ-det-VERB	0.0
ADJ-dislocated-ADJ	0.0
ADJ-dislocated-ADP	0.0
ADJ-dislocated-ADV	0.0
ADJ-dislocated-AUX	0.0
ADJ-dislocated-CCONJ	0.0
ADJ-dislocated-DET	0.0
ADJ-dislocated-NOUN	0.0
ADJ-dislocated-NUM	0.0
ADJ-dislocated-PART	0.0
ADJ-dislocated-PRON	0.0
ADJ-dislocated-PROPN	0.0
ADJ-dislocated-SCONJ	0.0
ADJ-dislocated-SYM	0.0
ADJ-dislocated-VERB	0.0
ADJ-mod-ADJ	1.1596997230047799
ADJ-mod-ADP	2.3872820431609574
ADJ-mod-ADV	0.6743563226350908
ADJ-mod-AUX	5.926483385286449
ADJ-mod-CCONJ	1.0039874044150896
ADJ-mod-DET	0.5156036902704109
ADJ-mod-INTJ	0.0
ADJ-mod-NOUN	1.4661038604227512
ADJ-mod-NUM	0.6848576231428034
ADJ-mod-PART	0.8059135395573686
ADJ-mod-PRON	1.017682914201475
ADJ-mod-PROPN	1.802525219064443
ADJ-mod-SCONJ	2.4257601852516855
ADJ-mod-SYM	0.0
ADJ-mod-VERB	3.2485590189941065
ADJ-mod-X	1.9047619047619047
ADJ-mod:appos-PROPN	0.0
ADJ-mod:emph-ADV	0.0
ADJ-mod:emph-PART	0.0
ADJ-mod:m-ADJ	0.0
ADJ-mod:m-ADV	0.0
ADJ-mod:m-NOUN	0.0
ADJ-mod:m-PART	0.0
ADJ-mod:m-VERB	0.0
ADJ-mod:periph-ADV	0.0
ADJ-mod:poss-ADJ	0.0
ADJ-mod:poss-PRON	0.0
ADJ-subj-ADJ	0.5
ADJ-subj-ADP	0.0
ADJ-subj-ADV	0.0
ADJ-subj-AUX	4.071428571428571
ADJ-subj-CCONJ	0.0
ADJ-subj-DET	0.5
ADJ-subj-INTJ	0.0
ADJ-subj-NOUN	0.6656721101148964
ADJ-subj-NUM	0.0
ADJ-subj-PART	0.0
ADJ-subj-PRON	0.5
ADJ-subj-PROPN	0.5
ADJ-subj-SCONJ	59.49999999999932
ADJ-subj-SYM	0.0
ADJ-subj-VERB	2.4378694110833385
ADJ-subj-X	0.0
ADJ-udep-ADJ	1.1423792830617745
ADJ-udep-ADP	2.402396992327757
ADJ-udep-ADV	1.8473433394616425
ADJ-udep-AUX	0.0
ADJ-udep-CCONJ	3.427515120808132
ADJ-udep-DET	0.5
ADJ-udep-INTJ	0.0
ADJ-udep-NOUN	1.1750366981075244
ADJ-udep-NUM	0.5
ADJ-udep-PART	10.836538461538458
ADJ-udep-PRON	0.5583090255586415
ADJ-udep-PROPN	1.4595663068668683
ADJ-udep-SCONJ	21.062194959825696
ADJ-udep-SYM	0.0
ADJ-udep-VERB	0.5
ADJ-udep-X	0.0
ADP-comp-ADJ	14.835470969861106
ADP-comp-ADP	15.702489075719638
ADP-comp-ADV	2.969087105914774
ADP-comp-AUX	14.775896695006047
ADP-comp-CCONJ	3.5198426029835397
ADP-comp-DET	9.252149220339739
ADP-comp-INTJ	0.0
ADP-comp-NOUN	12.868546868487979
ADP-comp-NUM	13.964117387633227
ADP-comp-PART	50.282806917707376
ADP-comp-PRON	11.392893033071676
ADP-comp-PROPN	19.030803228107597
ADP-comp-PUNCT	0.0
ADP-comp-SCONJ	40.0685311303617
ADP-comp-SYM	330.523047477517
ADP-comp-VERB	5.087259720331067
ADP-comp-X	39.18787410818273
ADP-comp:aff-NOUN	0.0
ADP-comp:aux-AUX	0.0
ADP-comp:aux-VERB	0.0
ADP-comp:cleft-VERB	0.0
ADP-comp:m-ADP	0.0
ADP-comp:m-AUX	0.0
ADP-comp:m-PART	0.0
ADP-comp:m-PRON	0.0
ADP-comp:obj-ADJ	15.387362576840154
ADP-comp:obj-ADP	18.5171484153493
ADP-comp:obj-ADV	2.903745543203137
ADP-comp:obj-AUX	14.112396211120746
ADP-comp:obj-CCONJ	4.737169688576346
ADP-comp:obj-DET	9.30093204843208
ADP-comp:obj-INTJ	0.0
ADP-comp:obj-NOUN	12.952605648963765
ADP-comp:obj-NOUNPROPN	12.15353768077308
ADP-comp:obj-NUM	14.3132657640137
ADP-comp:obj-PART	49.366517146113715
ADP-comp:obj-PRON	11.898170022519501
ADP-comp:obj-PROPN	19.058059118980015
ADP-comp:obj-PUNCT	0.0
ADP-comp:obj-SCONJ	65.17096863517523
ADP-comp:obj-SYM	330.4842439966761
ADP-comp:obj-VERB	5.013002852451375
ADP-comp:obj-X	39.17330048991366
ADP-comp:obl-ADJ	0.0
ADP-comp:obl-ADP	154.12543195086337
ADP-comp:obl-ADV	700.2500000000109
ADP-comp:obl-AUX	147.49999999999966
ADP-comp:obl-CCONJ	0.0
ADP-comp:obl-DET	0.0
ADP-comp:obl-INTJ	0.0
ADP-comp:obl-NOUN	27.361533732903123
ADP-comp:obl-NUM	0.0
ADP-comp:obl-PART	700.2500000000109
ADP-comp:obl-PRON	1.8860085617064877
ADP-comp:obl-PROPN	0.0
ADP-comp:obl-SCONJ	24.44724527523265
ADP-comp:obl-SYM	0.0
ADP-comp:obl-VERB	5.002451803587023
ADP-comp:obl-X	0.0
ADP-comp:pred-ADJ	0.0
ADP-comp:pred-ADP	12.100000000000023
ADP-comp:pred-ADV	0.0
ADP-comp:pred-AUX	0.0
ADP-comp:pred-CCONJ	0.0
ADP-comp:pred-DET	0.0
ADP-comp:pred-NOUN	0.5
ADP-comp:pred-NUM	0.0
ADP-comp:pred-PART	71.50000000000017
ADP-comp:pred-PRON	0.0
ADP-comp:pred-PROPN	0.0
ADP-comp:pred-SCONJ	60.499999999999964
ADP-comp:pred-VERB	0.0
ADP-comp:pred-X	0.0
ADP-det-ADP	0.0
ADP-det-DET	2.729413552111817
ADP-det-NUM	0.0
ADP-det-PRON	700.2500000000109
ADP-dislocated-ADJ	0.0
ADP-dislocated-ADP	0.0
ADP-dislocated-ADV	0.0
ADP-dislocated-AUX	0.0
ADP-dislocated-DET	0.0
ADP-dislocated-NOUN	0.0
ADP-dislocated-NUM	0.0
ADP-dislocated-PART	0.0
ADP-dislocated-PRON	0.0
ADP-dislocated-PROPN	0.0
ADP-dislocated-SCONJ	0.0
ADP-dislocated-SYM	0.0
ADP-dislocated-VERB	0.0
ADP-dislocated-X	0.0
ADP-mod-ADJ	0.992601464589503
ADP-mod-ADP	3.388118694186813
ADP-mod-ADV	0.5
ADP-mod-AUX	22.822147651006745
ADP-mod-CCONJ	51.5
ADP-mod-DET	0.5
ADP-mod-INTJ	0.0
ADP-mod-NOUN	1.8331685167271743
ADP-mod-NUM	3.2613586926110116
ADP-mod-PART	2.689513824305001
ADP-mod-PRON	1.548492218324337
ADP-mod-PROPN	6.094013096351729
ADP-mod-PUNCT	0.0
ADP-mod-SCONJ	4.881006177018604
ADP-mod-SYM	0.0
ADP-mod-VERB	3.12237796671518
ADP-mod-X	0.0
ADP-mod:appos-PROPN	0.0
ADP-mod:emph-ADV	0.0
ADP-mod:emph-PART	0.0
ADP-mod:m-ADV	0.0
ADP-mod:m-NOUN	0.0
ADP-mod:m-NUM	0.0
ADP-mod:periph$tempo-ADV	0.0
ADP-mod:periph-ADP	0.0
ADP-mod:periph-ADV	0.0
ADP-subj-ADJ	0.5
ADP-subj-ADP	0.5
ADP-subj-ADV	4.049999999999999
ADP-subj-AUX	0.0
ADP-subj-CCONJ	0.0
ADP-subj-DET	0.9788732394366197
ADP-subj-INTJ	0.0
ADP-subj-NOUN	1.2343569077042507
ADP-subj-NUM	7.135634028892461
ADP-subj-PART	20.249999999999865
ADP-subj-PRON	1.4316271974012704
ADP-subj-PROPN	0.9646147906019903
ADP-subj-PUNCT	0.0
ADP-subj-SCONJ	700.2500000000109
ADP-subj-SYM	0.0
ADP-subj-VERB	0.0
ADP-subj-X	0.0
ADP-udep-ADJ	0.0
ADP-udep-ADP	0.8910696759582378
ADP-udep-ADV	0.0
ADP-udep-AUX	0.0
ADP-udep-CCONJ	0.0
ADP-udep-DET	0.5
ADP-udep-NOUN	1.01027648852557
ADP-udep-NUM	0.0
ADP-udep-PART	0.0
ADP-udep-PRON	0.0
ADP-udep-PROPN	0.0
ADP-udep-SCONJ	700.2500000000109
ADP-udep-SYM	0.0
ADP-udep-VERB	0.0
ADP-udep-X	0.0
ADV-clf-NOUN	0.0
ADV-comp-ADJ	34.74920140227762
ADV-comp-ADP	7.7834109381380046
ADV-comp-ADV	8.644394206914212
ADV-comp-AUX	115.27400033669029
ADV-comp-CCONJ	0.0
ADV-comp-DET	0.0
ADV-comp-INTJ	0.0
ADV-comp-NOUN	7.467826348744064
ADV-comp-NUM	700.2500000000109
ADV-comp-PART	171.50000000000128
ADV-comp-PRON	1.3058924158930958
ADV-comp-PROPN	33.01824817518236
ADV-comp-SCONJ	74.64843531824326
ADV-comp-SYM	0.0
ADV-comp-VERB	9.97020959424267
ADV-comp-X	0.0
ADV-comp:aux-AUX	0.0
ADV-comp:aux-VERB	0.0
ADV-comp:cleft-ADV	0.0
ADV-comp:cleft-AUX	700.2500000000109
ADV-comp:cleft-NOUN	0.0
ADV-comp:cleft-PRON	0.0
ADV-comp:cleft-PROPN	0.0
ADV-comp:cleft-VERB	700.2500000000109
ADV-comp:m-ADJ	0.0
ADV-comp:m-VERB	0.0
ADV-comp:obj-ADJ	390.5
ADV-comp:obj-ADP	9.939336075205652
ADV-comp:obj-ADV	7.419759551892166
ADV-comp:obj-AUX	535.4526627218958
ADV-comp:obj-CCONJ	0.0
ADV-comp:obj-DET	0.0
ADV-comp:obj-INTJ	0.0
ADV-comp:obj-NOUN	7.421831276952383
ADV-comp:obj-NUM	700.2500000000109
ADV-comp:obj-PART	700.2500000000109
ADV-comp:obj-PRON	3.1600665605102254
ADV-comp:obj-PROPN	81.49999999999999
ADV-comp:obj-SCONJ	21.656084656084598
ADV-comp:obj-SYM	0.0
ADV-comp:obj-VERB	8.28698680811567
ADV-comp:obj-X	0.0
ADV-comp:obl-ADJ	0.0
ADV-comp:obl-ADP	7.638418871334636
ADV-comp:obl-ADV	0.0
ADV-comp:obl-AUX	0.0
ADV-comp:obl-CCONJ	0.0
ADV-comp:obl-DET	0.0
ADV-comp:obl-INTJ	0.0
ADV-comp:obl-NOUN	2.9108901600983486
ADV-comp:obl-NUM	0.0
ADV-comp:obl-PART	0.0
ADV-comp:obl-PRON	0.7228233460180643
ADV-comp:obl-PROPN	0.0
ADV-comp:obl-SCONJ	85.17187102680212
ADV-comp:obl-VERB	16.681173477000897
ADV-comp:obl-X	0.0
ADV-comp:pred-ADJ	0.0
ADV-comp:pred-ADP	0.0
ADV-comp:pred-ADV	0.0
ADV-comp:pred-AUX	0.0
ADV-comp:pred-CCONJ	0.0
ADV-comp:pred-DET	0.0
ADV-comp:pred-NOUN	4.1999999999999975
ADV-comp:pred-NUM	0.0
ADV-comp:pred-PART	0.0
ADV-comp:pred-PRON	0.0
ADV-comp:pred-PROPN	0.0
ADV-comp:pred-SCONJ	0.0
ADV-comp:pred-VERB	0.0
ADV-comp:pred-X	0.0
ADV-det-ADP	0.0
ADV-det-ADV	0.0
ADV-det-AUX	0.0
ADV-det-DET	1.3142433488127456
ADV-det-NUM	0.0
ADV-det-PART	0.0
ADV-det-PRON	700.2500000000109
ADV-det-SCONJ	0.0
ADV-dislocated-ADJ	0.0
ADV-dislocated-ADP	0.0
ADV-dislocated-ADV	0.0
ADV-dislocated-AUX	0.0
ADV-dislocated-CCONJ	0.0
ADV-dislocated-DET	0.0
ADV-dislocated-NOUN	0.0
ADV-dislocated-NUM	0.0
ADV-dislocated-PART	0.0
ADV-dislocated-PRON	0.0
ADV-dislocated-PROPN	0.0
ADV-dislocated-SCONJ	0.0
ADV-dislocated-VERB	0.0
ADV-mod-ADJ	1.030565226894992
ADV-mod-ADP	3.9438270529285595
ADV-mod-ADV	0.6513514788737382
ADV-mod-AUX	7.645539951920996
ADV-mod-CCONJ	4.761675550178209
ADV-mod-DET	2.4832445570667634
ADV-mod-INTJ	0.0
ADV-mod-NOUN	1.4546841064727982
ADV-mod-NUM	0.5
ADV-mod-PART	1.3599336844949363
ADV-mod-PRON	1.1948471585800473
ADV-mod-PROPN	83.81818181817991
ADV-mod-SCONJ	6.268848815021387
ADV-mod-SYM	0.0
ADV-mod-VERB	3.5631683379478156
ADV-mod-X	6.499999999999997
ADV-mod:emph-ADV	0.0
ADV-mod:emph-PART	0.0
ADV-mod:m-ADJ	0.0
ADV-mod:m-ADV	0.0
ADV-mod:m-VERB	0.0
ADV-mod:periph$cond-SCONJ	0.0
ADV-mod:periph-ADP	0.0
ADV-mod:periph-ADV	0.0
ADV-subj-ADJ	15.249999999999986
ADV-subj-ADP	0.0
ADV-subj-ADV	0.0
ADV-subj-AUX	0.0
ADV-subj-CCONJ	0.0
ADV-subj-DET	0.5
ADV-subj-INTJ	0.0
ADV-subj-NOUN	1.8388436596960587
ADV-subj-NUM	0.0
ADV-subj-PART	0.0
ADV-subj-PRON	0.6984965644439673
ADV-subj-PROPN	1.0833333333333333
ADV-subj-SCONJ	700.2500000000109
ADV-subj-SYM	0.0
ADV-subj-VERB	4.7025528035253
ADV-subj-X	0.0
ADV-udep-ADJ	1.1164383561643836
ADV-udep-ADP	3.4719882171788337
ADV-udep-ADV	0.5
ADV-udep-AUX	0.0
ADV-udep-CCONJ	467.49999999999386
ADV-udep-DET	0.5
ADV-udep-INTJ	0.0
ADV-udep-NOUN	0.9894745135628433
ADV-udep-NUM	700.2500000000109
ADV-udep-PART	19.87500000000006
ADV-udep-PRON	0.7254087584672474
ADV-udep-PROPN	0.5
ADV-udep-SCONJ	14.010642041122868
ADV-udep-SYM	0.0
ADV-udep-VERB	0.0
ADV-udep-X	0.0
AUX-comp-ADJ	2.6199080819818517
AUX-comp-ADP	7.862877160474831
AUX-comp-ADV	1.279291621431983
AUX-comp-AUX	3.1531968677291555
AUX-comp-CCONJ	3.8904185022026443
AUX-comp-DET	0.7949703908579097
AUX-comp-INTJ	0.0
AUX-comp-NOUN	2.1934358247998293
AUX-comp-NUM	2.3800077055708084
AUX-comp-PART	2.6792218281391778
AUX-comp-PRON	0.7624161100190708
AUX-comp-PROPN	2.83311661543421
AUX-comp-PUNCT	0.0
AUX-comp-SCONJ	3.7912382123545814
AUX-comp-SYM	14.305194805194821
AUX-comp-VERB	2.5495269580943107
AUX-comp-X	2.5444444444444443
AUX-comp:aff-AUX	0.0
AUX-comp:aff-VERB	0.0
AUX-comp:aux-ADJ	1.73358007008287
AUX-comp:aux-ADP	9.56037434785913
AUX-comp:aux-ADV	1.688328533759747
AUX-comp:aux-AUX	4.72357127541911
AUX-comp:aux-CCONJ	700.2500000000109
AUX-comp:aux-DET	0.5
AUX-comp:aux-INTJ	0.0
AUX-comp:aux-NOUN	1.3296562140232806
AUX-comp:aux-NUM	0.0
AUX-comp:aux-PART	3.0380751483198205
AUX-comp:aux-PRON	0.5
AUX-comp:aux-PROPN	0.5
AUX-comp:aux-PUNCT	0.0
AUX-comp:aux-SCONJ	1.8079265093816383
AUX-comp:aux-SYM	0.0
AUX-comp:aux-VERB	2.6376094678655977
AUX-comp:aux-X	0.0
AUX-comp:cleft-AUX	700.2500000000109
AUX-comp:cleft-PRON	0.0
AUX-comp:cleft-SCONJ	700.2500000000109
AUX-comp:cleft-VERB	700.2500000000109
AUX-comp:obj-ADJ	0.0
AUX-comp:obj-ADP	4.423076923076923
AUX-comp:obj-ADV	0.0
AUX-comp:obj-AUX	0.0
AUX-comp:obj-CCONJ	0.0
AUX-comp:obj-DET	1.1041666666666663
AUX-comp:obj-INTJ	0.0
AUX-comp:obj-NOUN	3.789732094126174
AUX-comp:obj-NUM	0.0
AUX-comp:obj-PART	0.0
AUX-comp:obj-PRON	0.5
AUX-comp:obj-PROPN	1.1
AUX-comp:obj-SCONJ	0.0
AUX-comp:obj-SYM	0.0
AUX-comp:obj-VERB	0.0
AUX-comp:obj-X	0.0
AUX-comp:obl-ADJ	0.0
AUX-comp:obl-ADP	2.0234185355217322
AUX-comp:obl-ADV	0.0
AUX-comp:obl-AUX	10.116721854304622
AUX-comp:obl-CCONJ	0.0
AUX-comp:obl-DET	0.0
AUX-comp:obl-NOUN	1.6538461538461544
AUX-comp:obl-NUM	0.0
AUX-comp:obl-PART	14.598976109215009
AUX-comp:obl-PRON	0.5462753407704841
AUX-comp:obl-PROPN	0.0
AUX-comp:obl-SCONJ	9.60720560155484
AUX-comp:obl-VERB	17.76449066851735
AUX-comp:obl-X	0.0
AUX-comp:pred-ADJ	2.6745098391359776
AUX-comp:pred-ADP	9.011879025430984
AUX-comp:pred-ADV	1.2594479707382176
AUX-comp:pred-AUX	1.6433862996782673
AUX-comp:pred-CCONJ	6.875000000000001
AUX-comp:pred-DET	0.847764634047395
AUX-comp:pred-INTJ	0.0
AUX-comp:pred-NOUN	2.2953425945017742
AUX-comp:pred-NUM	2.51737224647803
AUX-comp:pred-PART	3.0129756453725993
AUX-comp:pred-PRON	0.8778837021328497
AUX-comp:pred-PROPN	3.2229085760632152
AUX-comp:pred-SCONJ	6.617614816720665
AUX-comp:pred-SYM	11.643540669856515
AUX-comp:pred-VERB	2.507323070805191
AUX-comp:pred-X	1.0694444444444446
AUX-det-ADJ	0.0
AUX-det-ADP	0.0
AUX-det-AUX	0.0
AUX-det-DET	0.0
AUX-det-PRON	0.0
AUX-det-VERB	0.0
AUX-dislocated-ADJ	0.0
AUX-dislocated-ADP	0.0
AUX-dislocated-ADV	0.0
AUX-dislocated-AUX	0.0
AUX-dislocated-CCONJ	0.0
AUX-dislocated-DET	0.5
AUX-dislocated-INTJ	0.0
AUX-dislocated-NOUN	0.5
AUX-dislocated-NUM	0.0
AUX-dislocated-PART	700.2500000000109
AUX-dislocated-PRON	0.5
AUX-dislocated-PROPN	0.5
AUX-dislocated-SCONJ	72.49999999999905
AUX-dislocated-SYM	0.0
AUX-dislocated-VERB	0.0
AUX-dislocated-X	0.0
AUX-dislocated:obj-NOUN	0.0
AUX-dislocated:subj-NOUN	0.0
AUX-mod-ADJ	0.998000692351505
AUX-mod-ADP	1.2970036137697947
AUX-mod-ADV	0.6502708304365059
AUX-mod-AUX	1.3489275786016326
AUX-mod-CCONJ	0.7967235199255375
AUX-mod-DET	1.6290760101723654
AUX-mod-INTJ	0.0
AUX-mod-NOUN	1.2768059520571104
AUX-mod-NUM	2.1251079854647705
AUX-mod-PART	1.2260108258695803
AUX-mod-PRON	0.8761284837980651
AUX-mod-PROPN	1.9373604982173318
AUX-mod-SCONJ	1.190929394772684
AUX-mod-SYM	0.0
AUX-mod-VERB	1.1091732194401016
AUX-mod-X	0.5
AUX-mod:emph-ADP	0.0
AUX-mod:emph-ADV	0.0
AUX-mod:emph-PART	700.2500000000109
AUX-mod:periph$concess-SCONJ	0.0
AUX-mod:periph$cond-ADP	0.0
AUX-mod:periph$cond-CCONJ	0.0
AUX-mod:periph$cond-PART	0.0
AUX-mod:periph$cond-PRON	0.0
AUX-mod:periph$cond-SCONJ	0.0
AUX-mod:periph$manner-ADP	0.0
AUX-mod:periph$purp-ADP	0.0
AUX-mod:periph$reason-ADP	0.0
AUX-mod:periph$reason-SCONJ	0.0
AUX-mod:periph$tempa-ADP	0.0
AUX-mod:periph$tempb-ADP	0.0
AUX-mod:periph$tempb-ADV	0.0
AUX-mod:periph$tempo-ADP	0.0
AUX-mod:periph$tempo-ADV	0.0
AUX-mod:periph$tempo-NOUN	0.0
AUX-mod:periph$tempo-SCONJ	0.0
AUX-mod:periph-ADJ	0.0
AUX-mod:periph-ADP	0.5
AUX-mod:periph-ADV	0.0
AUX-mod:periph-AUX	0.0
AUX-mod:periph-CCONJ	0.0
AUX-mod:periph-NOUN	0.0
AUX-mod:periph-NUM	0.0
AUX-mod:periph-PART	0.0
AUX-mod:periph-PRON	0.0
AUX-mod:periph-PROPN	0.0
AUX-mod:periph-SCONJ	0.0
AUX-mod:periph-VERB	0.0
AUX-mod:periph-X	0.0
AUX-subj-ADJ	0.5305474031739529
AUX-subj-ADP	1.8045033400582506
AUX-subj-ADV	3.5405405405405417
AUX-subj-AUX	1.1086931563489908
AUX-subj-CCONJ	28.000000000000114
AUX-subj-DET	0.5
AUX-subj-INTJ	0.0
AUX-subj-NOUN	0.6593760505110057
AUX-subj-NUM	0.5115703065723454
AUX-subj-PART	3.8846263653177835
AUX-subj-PRON	0.6033526458004709
AUX-subj-PROPN	0.5886541239483886
AUX-subj-SCONJ	6.336712756308114
AUX-subj-SYM	0.5409184700501652
AUX-subj-VERB	1.4751134251751528
AUX-subj-X	0.5037652660817425
AUX-subj:aff-PRON	0.0
AUX-udep-ADJ	0.5
AUX-udep-ADP	0.639537042266068
AUX-udep-ADV	0.5
AUX-udep-AUX	0.0
AUX-udep-CCONJ	0.5
AUX-udep-DET	0.5
AUX-udep-INTJ	0.0
AUX-udep-NOUN	0.5
AUX-udep-NUM	0.6519234948924147
AUX-udep-PART	5.958333333333339
AUX-udep-PRON	0.5
AUX-udep-PROPN	0.5
AUX-udep-SCONJ	0.5
AUX-udep-SYM	0.0
AUX-udep-VERB	0.0
AUX-udep-X	0.0
CCONJ-comp-ADJ	2.3844140647956427
CCONJ-comp-ADP	13.038972286374143
CCONJ-comp-ADV	0.5
CCONJ-comp-AUX	12.373088794953764
CCONJ-comp-CCONJ	0.5
CCONJ-comp-DET	0.0
CCONJ-comp-INTJ	0.0
CCONJ-comp-NOUN	4.360259083323162
CCONJ-comp-NUM	700.2500000000109
CCONJ-comp-PART	700.2500000000109
CCONJ-comp-PRON	35.63822894168458
CCONJ-comp-PROPN	20.8
CCONJ-comp-SCONJ	22.833333333333375
CCONJ-comp-SYM	0.0
CCONJ-comp-VERB	7.800456610706323
CCONJ-comp-X	13.749999999999998
CCONJ-comp:m-CCONJ	0.0
CCONJ-comp:obj-ADJ	2.353387309632129
CCONJ-comp:obj-ADP	13.123076923076916
CCONJ-comp:obj-ADV	0.5
CCONJ-comp:obj-AUX	12.245942834786664
CCONJ-comp:obj-CCONJ	0.5
CCONJ-comp:obj-DET	0.0
CCONJ-comp:obj-INTJ	0.0
CCONJ-comp:obj-NOUN	4.3783384343453084
CCONJ-comp:obj-NUM	700.2500000000109
CCONJ-comp:obj-PART	0.0
CCONJ-comp:obj-PRON	35.63822894168458
CCONJ-comp:obj-PROPN	20.8
CCONJ-comp:obj-SCONJ	700.2500000000109
CCONJ-comp:obj-SYM	0.0
CCONJ-comp:obj-VERB	7.693485154287787
CCONJ-comp:obj-X	13.500000000000007
CCONJ-comp:obl-ADJ	0.0
CCONJ-comp:obl-ADP	0.0
CCONJ-comp:obl-ADV	0.0
CCONJ-comp:obl-AUX	0.0
CCONJ-comp:obl-CCONJ	0.0
CCONJ-comp:obl-DET	0.0
CCONJ-comp:obl-NOUN	0.0
CCONJ-comp:obl-PART	0.0
CCONJ-comp:obl-PRON	0.0
CCONJ-comp:obl-PROPN	0.0
CCONJ-comp:obl-SCONJ	7.666666666666666
CCONJ-comp:obl-VERB	700.2500000000109
CCONJ-comp:obl-X	0.0
CCONJ-comp:pred-ADJ	0.0
CCONJ-comp:pred-ADP	0.0
CCONJ-comp:pred-ADV	0.0
CCONJ-comp:pred-AUX	0.0
CCONJ-comp:pred-CCONJ	0.0
CCONJ-comp:pred-DET	0.0
CCONJ-comp:pred-NOUN	0.0
CCONJ-comp:pred-NUM	0.0
CCONJ-comp:pred-PRON	0.0
CCONJ-comp:pred-PROPN	0.0
CCONJ-comp:pred-SCONJ	0.0
CCONJ-comp:pred-VERB	0.0
CCONJ-det-ADP	0.0
CCONJ-det-DET	0.0
CCONJ-det-PRON	0.0
CCONJ-dislocated-ADJ	0.0
CCONJ-dislocated-ADP	0.0
CCONJ-dislocated-ADV	0.0
CCONJ-dislocated-AUX	0.0
CCONJ-dislocated-CCONJ	0.0
CCONJ-dislocated-NOUN	0.0
CCONJ-dislocated-NUM	0.0
CCONJ-dislocated-PRON	0.0
CCONJ-dislocated-PROPN	0.0
CCONJ-dislocated-SCONJ	0.0
CCONJ-dislocated-VERB	0.0
CCONJ-mod-ADJ	24.5
CCONJ-mod-ADP	33.99999999999993
CCONJ-mod-ADV	1.5552893648592523
CCONJ-mod-AUX	0.0
CCONJ-mod-CCONJ	0.0
CCONJ-mod-DET	0.0
CCONJ-mod-NOUN	5.083333333333331
CCONJ-mod-NUM	0.0
CCONJ-mod-PART	0.0
CCONJ-mod-PRON	0.0
CCONJ-mod-PROPN	0.0
CCONJ-mod-SCONJ	2.7
CCONJ-mod-SYM	0.0
CCONJ-mod-VERB	29.49999999999966
CCONJ-mod-X	0.0
CCONJ-mod:emph-PART	0.0
CCONJ-subj-ADJ	0.0
CCONJ-subj-ADP	0.0
CCONJ-subj-AUX	0.0
CCONJ-subj-CCONJ	0.0
CCONJ-subj-DET	0.0
CCONJ-subj-NOUN	1.8
CCONJ-subj-NUM	700.2500000000109
CCONJ-subj-PART	0.0
CCONJ-subj-PRON	0.0
CCONJ-subj-PROPN	0.0
CCONJ-subj-SCONJ	0.0
CCONJ-subj-VERB	0.0
CCONJ-subj-X	0.0
CCONJ-udep-ADJ	0.0
CCONJ-udep-ADP	1.9601813377341626
CCONJ-udep-ADV	0.0
CCONJ-udep-AUX	0.0
CCONJ-udep-CCONJ	0.0
CCONJ-udep-DET	0.0
CCONJ-udep-INTJ	0.0
CCONJ-udep-NOUN	14.625000000000002
CCONJ-udep-NUM	0.0
CCONJ-udep-PART	0.0
CCONJ-udep-PRON	0.0
CCONJ-udep-PROPN	0.0
CCONJ-udep-SCONJ	0.0
CCONJ-udep-VERB	0.0
DET-clf-DET	0.0
DET-clf-NOUN	700.2500000000109
DET-clf-PART	0.0
DET-comp-ADJ	11.600000000000012
DET-comp-ADP	27.000000000000295
DET-comp-ADV	0.0
DET-comp-AUX	0.0
DET-comp-CCONJ	0.0
DET-comp-DET	8.600000000000032
DET-comp-NOUN	2.5576923076923075
DET-comp-NUM	0.0
DET-comp-PART	42.99999999999997
DET-comp-PRON	0.5
DET-comp-PROPN	0.0
DET-comp-PUNCT	0.0
DET-comp-SCONJ	40.34422809457572
DET-comp-VERB	700.2500000000109
DET-comp-X	0.0
DET-comp:aux-ADP	0.0
DET-comp:aux-PRON	0.0
DET-comp:aux-SCONJ	0.0
DET-comp:aux-VERB	0.0
DET-comp:cleft-AUX	0.0
DET-comp:m-NUM	0.0
DET-comp:m-VERB	0.0
DET-comp:obj-ADJ	0.0
DET-comp:obj-ADP	0.0
DET-comp:obj-ADV	0.0
DET-comp:obj-AUX	0.0
DET-comp:obj-CCONJ	0.0
DET-comp:obj-DET	0.0
DET-comp:obj-NOUN	0.0
DET-comp:obj-NUM	0.0
DET-comp:obj-PART	0.0
DET-comp:obj-PRON	0.0
DET-comp:obj-PROPN	0.0
DET-comp:obj-PUNCT	0.0
DET-comp:obj-SCONJ	0.0
DET-comp:obj-VERB	700.2500000000109
DET-comp:obj-X	0.0
DET-comp:obl-ADJ	0.0
DET-comp:obl-ADP	0.0
DET-comp:obl-ADV	0.0
DET-comp:obl-AUX	0.0
DET-comp:obl-CCONJ	0.0
DET-comp:obl-DET	0.0
DET-comp:obl-NOUN	0.0
DET-comp:obl-PART	42.99999999999997
DET-comp:obl-PRON	0.0
DET-comp:obl-PROPN	0.0
DET-comp:obl-SCONJ	150.5000000000043
DET-comp:obl-VERB	0.0
DET-comp:pred-ADJ	11.600000000000012
DET-comp:pred-ADP	0.0
DET-comp:pred-ADV	0.0
DET-comp:pred-AUX	0.0
DET-comp:pred-DET	10.624999999999964
DET-comp:pred-NOUN	4.115384615384618
DET-comp:pred-NUM	0.0
DET-comp:pred-PART	0.0
DET-comp:pred-PRON	0.0
DET-comp:pred-PROPN	0.0
DET-comp:pred-SCONJ	18.24999999999987
DET-comp:pred-VERB	0.0
DET-det-ADJ	0.0
DET-det-ADP	0.0
DET-det-AUX	0.0
DET-det-DET	0.7715216729717412
DET-det-NUM	0.0
DET-det-PART	0.0
DET-det-PRON	2.7317073170731696
DET-det-PUNCT	0.0
DET-det-SCONJ	0.0
DET-dislocated-ADP	0.0
DET-dislocated-AUX	0.0
DET-dislocated-DET	0.0
DET-dislocated-NOUN	0.0
DET-dislocated-PRON	0.0
DET-dislocated-PROPN	0.0
DET-dislocated-X	0.0
DET-mod-ADJ	13.793054449562065
DET-mod-ADP	0.0
DET-mod-ADV	0.6370777234851012
DET-mod-AUX	22.231392017058678
DET-mod-CCONJ	0.5
DET-mod-DET	1.0109515244415697
DET-mod-INTJ	0.0
DET-mod-NOUN	1.4871368881592928
DET-mod-NUM	5.32787246452236
DET-mod-PART	0.8441055296990927
DET-mod-PRON	0.7077220077220076
DET-mod-PROPN	54.00000000000038
DET-mod-PUNCT	0.0
DET-mod-SCONJ	11.644317928539051
DET-mod-SYM	0.0
DET-mod-VERB	32.77921000623121
DET-mod-X	700.2500000000109
DET-mod:emph-PART	0.0
DET-mod:m-DET	0.0
DET-subj-ADJ	0.0
DET-subj-ADP	0.0
DET-subj-ADV	0.0
DET-subj-AUX	0.0
DET-subj-DET	0.0
DET-subj-NOUN	0.5
DET-subj-PART	0.0
DET-subj-PRON	0.5
DET-subj-PROPN	0.0
DET-subj-SCONJ	0.0
DET-subj-VERB	0.0
DET-subj-X	0.0
DET-udep-ADJ	0.0
DET-udep-ADP	10.174855810766685
DET-udep-ADV	0.5
DET-udep-AUX	0.0
DET-udep-CCONJ	0.0
DET-udep-DET	0.7162162162162161
DET-udep-NOUN	2.3577857785778584
DET-udep-NUM	0.0
DET-udep-PART	37.00000000000053
DET-udep-PRON	0.5
DET-udep-PROPN	0.0
DET-udep-SCONJ	301.5137120470116
DET-udep-SYM	0.0
DET-udep-VERB	0.0
DET-udep-X	0.0
INTJ-comp-ADJ	0.0
INTJ-comp-ADP	0.0
INTJ-comp-AUX	43.49999999999985
INTJ-comp-CCONJ	0.0
INTJ-comp-DET	0.0
INTJ-comp-INTJ	0.0
INTJ-comp-NOUN	1.5340909090909087
INTJ-comp-PART	0.0
INTJ-comp-PRON	0.0
INTJ-comp-PROPN	0.0
INTJ-comp-SCONJ	0.0
INTJ-comp-VERB	700.2500000000109
INTJ-comp-X	0.0
INTJ-comp:obj-ADJ	0.0
INTJ-comp:obj-ADP	0.0
INTJ-comp:obj-AUX	0.0
INTJ-comp:obj-CCONJ	0.0
INTJ-comp:obj-DET	0.0
INTJ-comp:obj-INTJ	0.0
INTJ-comp:obj-NOUN	0.9659090909090907
INTJ-comp:obj-PART	0.0
INTJ-comp:obj-PRON	0.0
INTJ-comp:obj-PROPN	0.0
INTJ-comp:obj-SCONJ	0.0
INTJ-comp:obj-VERB	0.0
INTJ-comp:obj-X	0.0
INTJ-comp:obl-ADJ	0.0
INTJ-comp:obl-ADP	0.0
INTJ-comp:obl-AUX	43.49999999999985
INTJ-comp:obl-INTJ	0.0
INTJ-comp:obl-NOUN	0.0
INTJ-comp:obl-PART	0.0
INTJ-comp:obl-PRON	0.0
INTJ-comp:obl-PROPN	0.0
INTJ-comp:obl-SCONJ	0.0
INTJ-comp:obl-VERB	700.2500000000109
INTJ-comp:pred-ADJ	0.0
INTJ-comp:pred-ADP	0.0
INTJ-comp:pred-INTJ	0.0
INTJ-comp:pred-NOUN	0.0
INTJ-comp:pred-PRON	0.0
INTJ-comp:pred-PROPN	0.0
INTJ-det-ADP	0.0
INTJ-det-DET	0.0
INTJ-det-PRON	0.0
INTJ-dislocated-INTJ	0.0
INTJ-dislocated-NOUN	0.0
INTJ-dislocated-PRON	0.0
INTJ-dislocated-PROPN	0.0
INTJ-mod-ADJ	0.0
INTJ-mod-ADP	0.0
INTJ-mod-ADV	8.269230769230761
INTJ-mod-AUX	0.0
INTJ-mod-CCONJ	0.0
INTJ-mod-INTJ	0.0
INTJ-mod-NOUN	0.0
INTJ-mod-NUM	0.0
INTJ-mod-PART	0.0
INTJ-mod-PRON	0.0
INTJ-mod-PROPN	0.0
INTJ-mod-SCONJ	0.0
INTJ-mod-SYM	0.0
INTJ-mod-VERB	0.0
INTJ-mod-X	0.0
INTJ-mod:emph-ADV	0.0
INTJ-mod:emph-PART	0.0
INTJ-mod:periph$cond-SCONJ	0.0
INTJ-mod:periph$tempo-ADP	0.0
INTJ-mod:periph-ADP	0.0
INTJ-mod:periph-NOUN	0.0
INTJ-subj-ADJ	0.0
INTJ-subj-ADP	0.0
INTJ-subj-NOUN	0.0
INTJ-subj-PRON	0.0
INTJ-subj-PROPN	0.0
INTJ-subj-VERB	0.0
INTJ-subj-X	0.0
INTJ-udep-ADP	23.497668997669027
INTJ-udep-DET	0.0
INTJ-udep-INTJ	0.0
INTJ-udep-NOUN	0.0
INTJ-udep-NUM	0.0
INTJ-udep-PART	0.0
INTJ-udep-PRON	0.0
INTJ-udep-PROPN	0.0
INTJ-udep-SCONJ	0.0
NOUN-any-NUM	0.576989512114648
NOUN-any-[Poss=Yes]	1.2168037098289664
NOUN-any[PronType=Dem]	1.4327888936268218
NOUN-clf-ADJ	700.2500000000109
NOUN-clf-ADP	0.0
NOUN-clf-DET	0.0
NOUN-clf-NOUN	9.544196991318909
NOUN-clf-NUM	0.0
NOUN-clf-PART	0.0
NOUN-clf-PRON	0.0
NOUN-clf-PROPN	0.0
NOUN-clf-SYM	0.0
NOUN-clf-VERB	0.0
NOUN-clf-X	0.0
NOUN-comp-ADJ	2.026776234450423
NOUN-comp-ADP	4.53811983482706
NOUN-comp-ADV	17.369318181818166
NOUN-comp-AUX	34.14319976105169
NOUN-comp-CCONJ	0.0
NOUN-comp-DET	0.8869863013698631
NOUN-comp-INTJ	0.0
NOUN-comp-NOUN	2.331456711735882
NOUN-comp-NUM	0.0
NOUN-comp-PART	15.305103976956739
NOUN-comp-PRON	0.8441969385367517
NOUN-comp-PROPN	10.842195897901256
NOUN-comp-PUNCT	0.0
NOUN-comp-SCONJ	11.97040956643223
NOUN-comp-SYM	0.0
NOUN-comp-VERB	4.139148917743611
NOUN-comp-X	0.0
NOUN-comp:aff-DET	0.0
NOUN-comp:aux-AUX	0.0
NOUN-comp:cleft-AUX	0.0
NOUN-comp:cleft-SCONJ	0.0
NOUN-comp:cleft-VERB	0.0
NOUN-comp:m-NOUN	0.0
NOUN-comp:m-NUM	0.0
NOUN-comp:m-VERB	0.0
NOUN-comp:obj-ADJ	16.5
NOUN-comp:obj-ADP	10.947938385233906
NOUN-comp:obj-ADV	20.374999999999975
NOUN-comp:obj-AUX	8.68
NOUN-comp:obj-CCONJ	0.0
NOUN-comp:obj-DET	0.0
NOUN-comp:obj-INTJ	0.0
NOUN-comp:obj-NOUN	4.095749571127659
NOUN-comp:obj-NUM	0.0
NOUN-comp:obj-PART	29.000000000000263
NOUN-comp:obj-PRON	1.0772653694051717
NOUN-comp:obj-PROPN	38.27948717948719
NOUN-comp:obj-SCONJ	15.700000000000012
NOUN-comp:obj-SYM	0.0
NOUN-comp:obj-VERB	1.3883792048929664
NOUN-comp:obj-X	0.0
NOUN-comp:obl-ADJ	16.25
NOUN-comp:obl-ADP	6.807392542985953
NOUN-comp:obl-ADV	28.8333333333336
NOUN-comp:obl-AUX	138.25000000000006
NOUN-comp:obl-CCONJ	0.0
NOUN-comp:obl-DET	0.0
NOUN-comp:obl-INTJ	0.0
NOUN-comp:obl-NOUN	2.89067397812496
NOUN-comp:obl-NUM	0.0
NOUN-comp:obl-PART	17.616494956855522
NOUN-comp:obl-PRON	0.8284308932700652
NOUN-comp:obl-PROPN	3.6428571428571423
NOUN-comp:obl-PUNCT	0.0
NOUN-comp:obl-SCONJ	17.980672136640038
NOUN-comp:obl-VERB	8.105776888239845
NOUN-comp:obl-X	0.0
NOUN-comp:pred-ADJ	2.3165686519477156
NOUN-comp:pred-ADP	71.48921161825729
NOUN-comp:pred-ADV	0.0
NOUN-comp:pred-AUX	105.00000000000118
NOUN-comp:pred-CCONJ	0.0
NOUN-comp:pred-DET	0.9477611940298508
NOUN-comp:pred-INTJ	0.0
NOUN-comp:pred-NOUN	28.701526918520578
NOUN-comp:pred-NUM	0.0
NOUN-comp:pred-PART	25.203517587939604
NOUN-comp:pred-PRON	0.0
NOUN-comp:pred-PROPN	0.0
NOUN-comp:pred-SCONJ	3.0361366622864634
NOUN-comp:pred-VERB	2.4666666666666677
NOUN-comp:pred-X	0.0
NOUN-det-ADJ	0.0
NOUN-det-ADP	1.3030863036467002
NOUN-det-ADV	0.0
NOUN-det-AUX	0.0
NOUN-det-CCONJ	0.0
NOUN-det-DET	0.7145691542358787
NOUN-det-INTJ	0.0
NOUN-det-NOUN	0.0
NOUN-det-NUM	0.5
NOUN-det-PART	0.0
NOUN-det-PRON	2.186256592198087
NOUN-det-PROPN	0.0
NOUN-det-PUNCT	0.0
NOUN-det-SCONJ	0.0
NOUN-det-VERB	0.0
NOUN-det-X	700.2500000000109
NOUN-det:num-NUM	0.0
NOUN-dislocated-ADJ	0.0
NOUN-dislocated-ADP	27.990153172866332
NOUN-dislocated-ADV	0.0
NOUN-dislocated-AUX	0.0
NOUN-dislocated-CCONJ	0.0
NOUN-dislocated-DET	0.0
NOUN-dislocated-NOUN	0.0
NOUN-dislocated-NUM	0.0
NOUN-dislocated-PART	0.0
NOUN-dislocated-PRON	0.0
NOUN-dislocated-PROPN	0.0
NOUN-dislocated-SCONJ	0.0
NOUN-dislocated-VERB	0.0
NOUN-dislocated-X	0.0
NOUN-mod-ADJ	2.0044143231057907
NOUN-mod-ADP	1.7897810535703789
NOUN-mod-ADV	0.7055605888965198
NOUN-mod-AUX	10.826449718751501
NOUN-mod-CCONJ	1.7501867500350516
NOUN-mod-DET	1.1173816867690805
NOUN-mod-INTJ	4.999999999999998
NOUN-mod-NOUN	2.9269589281114072
NOUN-mod-NUM	0.6355514527712355
NOUN-mod-PART	1.4805029994693801
NOUN-mod-PRON	1.6735131285495626
NOUN-mod-PROPN	4.28372331842421
NOUN-mod-PUNCT	0.0
NOUN-mod-SCONJ	4.3513878479930455
NOUN-mod-SYM	1.3799561051835048
NOUN-mod-VERB	3.075748855023178
NOUN-mod-X	2.0522605354560755
NOUN-mod:appos-NOUN	0.0
NOUN-mod:appos-PROPN	0.0
NOUN-mod:emph-ADJ	0.0
NOUN-mod:emph-ADP	0.0
NOUN-mod:emph-ADV	23.500000000000217
NOUN-mod:emph-PART	700.2500000000109
NOUN-mod:emph-PRON	0.0
NOUN-mod:emph-X	0.0
NOUN-mod:m-ADJ	0.0
NOUN-mod:m-ADP	0.0
NOUN-mod:m-ADV	0.0
NOUN-mod:m-NOUN	0.0
NOUN-mod:m-PART	0.0
NOUN-mod:m-VERB	0.0
NOUN-mod:num-NUM	15.00000000000003
NOUN-mod:periph$cond-SCONJ	0.0
NOUN-mod:periph$tempo-ADP	0.0
NOUN-mod:periph$tempo-ADV	0.0
NOUN-mod:periph-ADP	0.0
NOUN-mod:periph-ADV	0.0
NOUN-mod:periph-NOUN	0.0
NOUN-mod:periph-NUM	0.0
NOUN-mod:periph-X	0.0
NOUN-mod:poss-ADJ	0.0
NOUN-mod:poss-NOUN	0.0
NOUN-mod:poss-PART	0.0
NOUN-mod:poss-PRON	0.0
NOUN-mod:poss-PROPN	0.0
NOUN-mod:poss-X	0.0
NOUN-mod@relcl-VERB	35.77884246812272
NOUN-mod[gen]-ADPNOUN	2.802999436289664
NOUN-subj-ADJ	0.5
NOUN-subj-ADP	2.1610111171728748
NOUN-subj-ADV	0.0
NOUN-subj-AUX	0.0
NOUN-subj-CCONJ	0.0
NOUN-subj-DET	0.5
NOUN-subj-NOUN	0.709503511587188
NOUN-subj-NUM	0.5
NOUN-subj-PART	8.693311582381737
NOUN-subj-PRON	0.5
NOUN-subj-PROPN	0.5
NOUN-subj-SCONJ	0.0
NOUN-subj-SYM	0.0
NOUN-subj-VERB	0.8591491853679962
NOUN-subj-X	0.0
NOUN-udep-ADJ	7.9417907425438505
NOUN-udep-ADP	4.911305632308966
NOUN-udep-ADV	6.957538068009893
NOUN-udep-AUX	105.7292899408272
NOUN-udep-CCONJ	6.7411094704467285
NOUN-udep-DET	0.5
NOUN-udep-INTJ	0.0
NOUN-udep-NOUN	2.062783010058497
NOUN-udep-NUM	0.788563829787234
NOUN-udep-PART	6.872224610710694
NOUN-udep-PRON	0.5983265038018172
NOUN-udep-PROPN	1.8657413517127124
NOUN-udep-SCONJ	19.582700800826007
NOUN-udep-SYM	0.0
NOUN-udep-VERB	69.09455164585678
NOUN-udep-X	0.0
NUM-clf-NOUN	72.11904761904815
NUM-clf-NUM	0.0
NUM-clf-PART	0.0
NUM-comp-ADJ	0.0
NUM-comp-ADP	28.388888888888726
NUM-comp-ADV	0.0
NUM-comp-AUX	0.0
NUM-comp-CCONJ	0.0
NUM-comp-DET	0.0
NUM-comp-NOUN	700.2500000000109
NUM-comp-NUM	16.659420289855014
NUM-comp-PART	0.0
NUM-comp-PRON	0.0
NUM-comp-PROPN	0.0
NUM-comp-PUNCT	0.0
NUM-comp-SCONJ	0.0
NUM-comp-SYM	0.0
NUM-comp-VERB	140.00000000000097
NUM-comp:aux-SCONJ	0.0
NUM-comp:cleft-VERB	0.0
NUM-comp:m-NUM	15.5
NUM-comp:m-VERB	0.0
NUM-comp:obj-ADJ	0.0
NUM-comp:obj-ADP	22.61111111111132
NUM-comp:obj-ADV	0.0
NUM-comp:obj-AUX	0.0
NUM-comp:obj-CCONJ	0.0
NUM-comp:obj-NOUN	0.0
NUM-comp:obj-NUM	17.99999999999986
NUM-comp:obj-PRON	0.0
NUM-comp:obj-PROPN	0.0
NUM-comp:obj-PUNCT	0.0
NUM-comp:obj-SYM	0.0
NUM-comp:obj-VERB	0.0
NUM-comp:obl-ADP	700.2500000000109
NUM-comp:obl-ADV	0.0
NUM-comp:obl-AUX	0.0
NUM-comp:obl-CCONJ	0.0
NUM-comp:obl-DET	0.0
NUM-comp:obl-NOUN	0.0
NUM-comp:obl-NUM	0.0
NUM-comp:obl-PART	0.0
NUM-comp:obl-PRON	0.0
NUM-comp:obl-PROPN	0.0
NUM-comp:obl-SCONJ	0.0
NUM-comp:obl-VERB	140.00000000000097
NUM-comp:pred-ADJ	0.0
NUM-comp:pred-ADP	0.0
NUM-comp:pred-AUX	0.0
NUM-comp:pred-DET	0.0
NUM-comp:pred-NOUN	0.0
NUM-comp:pred-SCONJ	0.0
NUM-comp:pred-SYM	0.0
NUM-comp:pred-VERB	0.0
NUM-det-ADJ	0.0
NUM-det-ADP	0.0
NUM-det-ADV	0.0
NUM-det-AUX	0.0
NUM-det-CCONJ	0.0
NUM-det-DET	0.5
NUM-det-NOUN	0.0
NUM-det-NUM	0.0
NUM-det-PRON	0.0
NUM-det-PROPN	0.0
NUM-det-PUNCT	0.0
NUM-det-SCONJ	0.0
NUM-det-X	0.0
NUM-dislocated-ADJ	0.0
NUM-dislocated-ADP	0.0
NUM-dislocated-DET	0.0
NUM-dislocated-NOUN	0.0
NUM-dislocated-NUM	0.0
NUM-dislocated-PROPN	0.0
NUM-mod-ADJ	0.9324020668391696
NUM-mod-ADP	6.777923442519243
NUM-mod-ADV	0.6581874256979678
NUM-mod-AUX	0.0
NUM-mod-CCONJ	0.5
NUM-mod-DET	0.5
NUM-mod-INTJ	0.0
NUM-mod-NOUN	2.5535966456743777
NUM-mod-NUM	1.497862715233874
NUM-mod-PART	0.5
NUM-mod-PRON	0.5
NUM-mod-PROPN	1.3665207877461705
NUM-mod-SCONJ	0.0
NUM-mod-SYM	210.3235294117629
NUM-mod-VERB	8.859984766870298
NUM-mod-X	73.24999999999942
NUM-mod:appos-PROPN	0.0
NUM-mod:emph-ADV	0.0
NUM-mod:emph-PART	0.0
NUM-mod:m-NUM	0.0
NUM-mod:periph-ADV	0.0
NUM-subj-ADJ	0.0
NUM-subj-ADP	0.0
NUM-subj-ADV	0.0
NUM-subj-AUX	0.0
NUM-subj-CCONJ	0.0
NUM-subj-DET	0.0
NUM-subj-NOUN	0.5
NUM-subj-NUM	0.0
NUM-subj-PART	0.0
NUM-subj-PRON	0.5
NUM-subj-PROPN	0.0
NUM-subj-SCONJ	0.0
NUM-subj-SYM	0.0
NUM-subj-VERB	0.0
NUM-subj-X	0.0
NUM-udep-ADJ	0.0
NUM-udep-ADP	4.994207367329361
NUM-udep-ADV	0.0
NUM-udep-AUX	0.0
NUM-udep-CCONJ	0.0
NUM-udep-DET	0.0
NUM-udep-NOUN	1.2072929306367846
NUM-udep-NUM	0.0
NUM-udep-PART	0.0
NUM-udep-PRON	0.0
NUM-udep-PROPN	0.0
NUM-udep-PUNCT	0.0
NUM-udep-SCONJ	0.0
NUM-udep-SYM	700.2500000000109
NUM-udep-VERB	0.0
NUM-udep-X	700.2500000000109
PART-clf-NOUN	0.0
PART-comp-ADJ	6.3793807218731375
PART-comp-ADP	12.669508694918145
PART-comp-ADV	6.609549664643883
PART-comp-AUX	20.792243290320073
PART-comp-CCONJ	0.0
PART-comp-DET	0.0
PART-comp-INTJ	0.0
PART-comp-NOUN	3.020951760348932
PART-comp-NUM	0.5
PART-comp-PART	1.0606330916199251
PART-comp-PRON	1.1742912892501607
PART-comp-PROPN	16.258520002376688
PART-comp-PUNCT	0.0
PART-comp-SCONJ	24.483402489626428
PART-comp-SYM	0.0
PART-comp-VERB	6.704628592820007
PART-comp-X	0.0
PART-comp:aux-ADJ	0.0
PART-comp:aux-ADV	0.0
PART-comp:aux-AUX	0.0
PART-comp:aux-PART	0.0
PART-comp:aux-VERB	0.5
PART-comp:cleft-ADJ	0.0
PART-comp:cleft-ADP	0.0
PART-comp:cleft-ADV	0.0
PART-comp:cleft-AUX	700.2500000000109
PART-comp:cleft-DET	0.0
PART-comp:cleft-NOUN	0.0
PART-comp:cleft-PART	0.0
PART-comp:cleft-PRON	0.0
PART-comp:cleft-SCONJ	700.2500000000109
PART-comp:cleft-VERB	700.2500000000109
PART-comp:cleft-X	0.0
PART-comp:loc-ADP	0.0
PART-comp:m-ADJ	0.0
PART-comp:m-PART	0.0
PART-comp:m-PRON	0.0
PART-comp:m-PROPN	0.0
PART-comp:obj-ADJ	5.543087498642878
PART-comp:obj-ADP	6.4421538461538495
PART-comp:obj-ADV	4.838869370808047
PART-comp:obj-AUX	19.0710258538026
PART-comp:obj-CCONJ	0.0
PART-comp:obj-DET	0.0
PART-comp:obj-INTJ	0.0
PART-comp:obj-NOUN	2.610491091838652
PART-comp:obj-NUM	0.5
PART-comp:obj-PART	1.0628808296158139
PART-comp:obj-PRON	0.5
PART-comp:obj-PROPN	8.293376707209351
PART-comp:obj-PUNCT	0.0
PART-comp:obj-SCONJ	14.272893772893726
PART-comp:obj-SYM	0.0
PART-comp:obj-VERB	6.519194282906989
PART-comp:obj-X	0.0
PART-comp:obl-ADJ	0.0
PART-comp:obl-ADP	0.0
PART-comp:obl-ADV	0.0
PART-comp:obl-AUX	43.49999999999985
PART-comp:obl-CCONJ	0.0
PART-comp:obl-DET	0.0
PART-comp:obl-NOUN	0.0
PART-comp:obl-PART	0.0
PART-comp:obl-PRON	0.0
PART-comp:obl-PROPN	0.0
PART-comp:obl-SCONJ	0.0
PART-comp:obl-VERB	0.0
PART-comp:pred-ADJ	0.0
PART-comp:pred-ADP	700.2500000000109
PART-comp:pred-ADV	700.2500000000109
PART-comp:pred-AUX	0.0
PART-comp:pred-CCONJ	0.0
PART-comp:pred-DET	0.0
PART-comp:pred-INTJ	0.0
PART-comp:pred-NOUN	700.2500000000109
PART-comp:pred-NUM	0.0
PART-comp:pred-PART	0.0
PART-comp:pred-PRON	700.2500000000109
PART-comp:pred-PROPN	700.2500000000109
PART-comp:pred-SCONJ	0.0
PART-comp:pred-VERB	0.0
PART-comp:pred-X	0.0
PART-det-ADP	0.0
PART-det-DET	0.0
PART-det-PART	0.0
PART-det-PRON	0.0
PART-dislocated-ADJ	0.0
PART-dislocated-ADP	0.0
PART-dislocated-ADV	0.0
PART-dislocated-AUX	0.0
PART-dislocated-DET	0.0
PART-dislocated-INTJ	0.0
PART-dislocated-NOUN	0.5
PART-dislocated-NUM	0.0
PART-dislocated-PART	0.0
PART-dislocated-PRON	0.0
PART-dislocated-PROPN	0.0
PART-dislocated-VERB	0.0
PART-dislocated-X	0.0
PART-mod-ADJ	0.5
PART-mod-ADP	1.9546979865771814
PART-mod-ADV	0.6296321069724347
PART-mod-AUX	66.0
PART-mod-CCONJ	0.0
PART-mod-DET	0.0
PART-mod-NOUN	1.403599497931897
PART-mod-NUM	0.5
PART-mod-PART	1.9989474389973763
PART-mod-PRON	4.076864535768648
PART-mod-PROPN	0.0
PART-mod-SCONJ	1.1255614472219704
PART-mod-SYM	0.0
PART-mod-VERB	4.105518692920879
PART-mod-X	700.2500000000109
PART-mod:emph-ADP	0.0
PART-mod:emph-ADV	0.0
PART-mod:emph-PART	700.2500000000109
PART-mod:periph$concess-ADP	0.0
PART-mod:periph$cond-SCONJ	0.0
PART-mod:periph$manner-ADP	0.0
PART-mod:periph$purp-ADP	0.0
PART-mod:periph$reason-ADP	0.0
PART-mod:periph$reason-SCONJ	0.0
PART-mod:periph$tempa-ADP	0.0
PART-mod:periph$tempb-ADP	0.0
PART-mod:periph$tempo-ADP	0.0
PART-mod:periph$tempo-ADV	0.0
PART-mod:periph$tempo-SCONJ	0.0
PART-mod:periph-ADJ	0.0
PART-mod:periph-ADP	0.5
PART-mod:periph-ADV	0.5
PART-mod:periph-AUX	0.0
PART-mod:periph-NOUN	0.0
PART-mod:periph-NUM	0.0
PART-mod:periph-PART	0.0
PART-mod:periph-PROPN	0.0
PART-mod:periph-SCONJ	0.0
PART-mod:periph-VERB	0.0
PART-mod:periph-X	0.0
PART-subj-ADJ	0.0
PART-subj-ADP	0.0
PART-subj-ADV	0.0
PART-subj-AUX	0.5
PART-subj-CCONJ	0.0
PART-subj-DET	0.0
PART-subj-NOUN	2.710526507561119
PART-subj-NUM	0.0
PART-subj-PART	0.0
PART-subj-PRON	1.4897375751356112
PART-subj-PROPN	0.0
PART-subj-SCONJ	0.0
PART-subj-SYM	0.0
PART-subj-VERB	0.0
PART-subj-X	0.0
PART-udep-ADJ	0.0
PART-udep-ADP	1.4018539842056277
PART-udep-ADV	0.0
PART-udep-AUX	0.0
PART-udep-CCONJ	0.5
PART-udep-DET	0.0
PART-udep-NOUN	2.125
PART-udep-NUM	0.0
PART-udep-PART	0.0
PART-udep-PRON	0.0
PART-udep-PROPN	0.0
PART-udep-SCONJ	0.0
PART-udep-VERB	0.0
PART-udep-X	0.0
PRON-clf-ADP	0.0
PRON-clf-NOUN	0.0
PRON-clf-PART	0.0
PRON-comp-ADJ	7.010366275051831
PRON-comp-ADP	15.307692307692307
PRON-comp-ADV	0.0
PRON-comp-AUX	110.96499511559793
PRON-comp-CCONJ	0.0
PRON-comp-DET	3.012195121951219
PRON-comp-NOUN	7.43507637435754
PRON-comp-NUM	0.0
PRON-comp-PART	18.722797927461155
PRON-comp-PRON	1.589547677261614
PRON-comp-PROPN	16.249999999999943
PRON-comp-PUNCT	0.0
PRON-comp-SCONJ	19.32579719736887
PRON-comp-SYM	0.0
PRON-comp-VERB	18.33839767245219
PRON-comp-X	0.0
PRON-comp:aux-SCONJ	0.0
PRON-comp:aux-VERB	0.0
PRON-comp:cleft-AUX	700.2500000000109
PRON-comp:cleft-NOUN	0.0
PRON-comp:cleft-SCONJ	0.0
PRON-comp:cleft-VERB	700.2500000000109
PRON-comp:obj-ADJ	0.0
PRON-comp:obj-ADP	4.616438356164383
PRON-comp:obj-ADV	0.0
PRON-comp:obj-AUX	17.624999999999986
PRON-comp:obj-CCONJ	0.0
PRON-comp:obj-DET	0.0
PRON-comp:obj-NOUN	3.2307687875260735
PRON-comp:obj-NUM	0.0
PRON-comp:obj-PART	0.0
PRON-comp:obj-PRON	2.7992111868053056
PRON-comp:obj-PROPN	0.0
PRON-comp:obj-PUNCT	0.0
PRON-comp:obj-SCONJ	3.5
PRON-comp:obj-SYM	0.0
PRON-comp:obj-VERB	7.37982832618026
PRON-comp:obj-X	0.0
PRON-comp:obl-ADJ	0.0
PRON-comp:obl-ADP	12.499999999999998
PRON-comp:obl-ADV	0.0
PRON-comp:obl-AUX	690.2500000000109
PRON-comp:obl-CCONJ	0.0
PRON-comp:obl-DET	0.0
PRON-comp:obl-NOUN	0.0
PRON-comp:obl-NUM	0.0
PRON-comp:obl-PART	16.999999999999975
PRON-comp:obl-PRON	0.0
PRON-comp:obl-PROPN	0.0
PRON-comp:obl-SCONJ	23.551342660711736
PRON-comp:obl-VERB	98.35485014600435
PRON-comp:pred-ADJ	6.6662885897456166
PRON-comp:pred-ADP	700.2500000000109
PRON-comp:pred-ADV	0.0
PRON-comp:pred-AUX	0.0
PRON-comp:pred-DET	7.5
PRON-comp:pred-NOUN	12.699292015068782
PRON-comp:pred-NUM	0.0
PRON-comp:pred-PART	700.2500000000109
PRON-comp:pred-PRON	10.166666666666666
PRON-comp:pred-PROPN	28.5000000000001
PRON-comp:pred-SCONJ	7.416666666666673
PRON-comp:pred-SYM	0.0
PRON-comp:pred-VERB	11.555555555555609
PRON-comp:pred-X	0.0
PRON-det-ADJ	0.0
PRON-det-ADP	0.0
PRON-det-ADV	0.5
PRON-det-AUX	0.0
PRON-det-CCONJ	0.0
PRON-det-DET	1.0152155976735893
PRON-det-NOUN	0.0
PRON-det-NUM	0.0
PRON-det-PART	0.0
PRON-det-PRON	1.8403230661181902
PRON-det-SCONJ	0.0
PRON-det-X	0.0
PRON-det:num-NUM	0.0
PRON-dislocated-ADJ	0.0
PRON-dislocated-ADP	0.0
PRON-dislocated-AUX	0.0
PRON-dislocated-DET	0.0
PRON-dislocated-NOUN	0.0
PRON-dislocated-NUM	0.0
PRON-dislocated-PART	0.0
PRON-dislocated-PRON	0.0
PRON-dislocated-PROPN	0.0
PRON-dislocated-SCONJ	0.0
PRON-dislocated-VERB	0.0
PRON-dislocated-X	0.0
PRON-mod-ADJ	2.8857643055422293
PRON-mod-ADP	1.866415648797305
PRON-mod-ADV	0.7809378833621264
PRON-mod-AUX	22.324857728586807
PRON-mod-CCONJ	5.187160940325494
PRON-mod-DET	1.2521107029083505
PRON-mod-INTJ	0.0
PRON-mod-NOUN	2.570675499591986
PRON-mod-NUM	1.9741435334425506
PRON-mod-PART	2.210774971379256
PRON-mod-PRON	3.0175397132403865
PRON-mod-PROPN	11.500000000000027
PRON-mod-SCONJ	4.653464548535081
PRON-mod-SYM	0.0
PRON-mod-VERB	8.859057285081978
PRON-mod-X	700.2500000000109
PRON-mod:appos-NOUN	0.0
PRON-mod:appos-PRON	0.0
PRON-mod:emph-ADV	0.0
PRON-mod:emph-PART	700.2500000000109
PRON-mod:emph-PRON	0.0
PRON-mod:num-NUM	0.0
PRON-mod:obj-VERB	0.0
PRON-mod:periph$cond-SCONJ	0.0
PRON-mod:periph$reason-ADP	0.0
PRON-mod:periph$tempo-ADP	0.0
PRON-mod:periph$tempo-ADV	0.0
PRON-mod:periph-ADV	0.0
PRON-mod:periph-NOUN	0.0
PRON-mod:periph-SCONJ	0.0
PRON-mod:periph-X	0.0
PRON-mod:poss-PRON	0.0
PRON-subj-ADJ	0.0
PRON-subj-ADP	0.0
PRON-subj-ADV	0.0
PRON-subj-AUX	0.0
PRON-subj-CCONJ	0.0
PRON-subj-DET	0.0
PRON-subj-INTJ	0.0
PRON-subj-NOUN	2.3044325319949444
PRON-subj-NUM	0.0
PRON-subj-PART	0.0
PRON-subj-PRON	0.5
PRON-subj-PROPN	0.0
PRON-subj-SCONJ	700.2500000000109
PRON-subj-SYM	0.0
PRON-subj-VERB	0.0
PRON-subj-X	0.0
PRON-udep-ADJ	0.0
PRON-udep-ADP	7.066796456425849
PRON-udep-ADV	1.7062146892655372
PRON-udep-AUX	46.50000000000004
PRON-udep-CCONJ	16.666666666666707
PRON-udep-DET	3.9999999999999987
PRON-udep-INTJ	0.0
PRON-udep-NOUN	3.5588003694560215
PRON-udep-NUM	0.0
PRON-udep-PART	67.39086102719108
PRON-udep-PRON	2.4166666666666674
PRON-udep-PROPN	0.0
PRON-udep-SCONJ	28.958208595562454
PRON-udep-SYM	0.0
PRON-udep-VERB	0.0
PRON-udep-X	0.0
PROPN-clf-NOUN	0.0
PROPN-clf-PRON	0.0
PROPN-clf-PROPN	0.0
PROPN-clf-SYM	0.0
PROPN-comp-ADJ	1.3124999999999996
PROPN-comp-ADP	20.54999999999998
PROPN-comp-ADV	0.0
PROPN-comp-AUX	700.2500000000109
PROPN-comp-CCONJ	0.0
PROPN-comp-DET	0.7758620689655173
PROPN-comp-NOUN	10.999999999999995
PROPN-comp-NUM	0.0
PROPN-comp-PART	700.2500000000109
PROPN-comp-PRON	0.5
PROPN-comp-PROPN	41.65647810218996
PROPN-comp-SCONJ	3.4571984435797667
PROPN-comp-SYM	0.0
PROPN-comp-VERB	317.99999999996817
PROPN-comp-X	0.0
PROPN-comp:aux-AUX	0.0
PROPN-comp:aux-PROPN	0.0
PROPN-comp:aux-VERB	0.0
PROPN-comp:cleft-AUX	0.0
PROPN-comp:cleft-PART	0.0
PROPN-comp:obj-ADJ	0.0
PROPN-comp:obj-ADP	9.92105263157893
PROPN-comp:obj-ADV	0.0
PROPN-comp:obj-AUX	0.0
PROPN-comp:obj-CCONJ	0.0
PROPN-comp:obj-DET	0.0
PROPN-comp:obj-NOUN	700.2500000000109
PROPN-comp:obj-NUM	0.0
PROPN-comp:obj-PART	0.0
PROPN-comp:obj-PRON	0.0
PROPN-comp:obj-PROPN	29.735204159657382
PROPN-comp:obj-SCONJ	0.0
PROPN-comp:obj-SYM	0.0
PROPN-comp:obj-VERB	0.0
PROPN-comp:obj-X	0.0
PROPN-comp:obl-ADJ	0.0
PROPN-comp:obl-ADP	0.0
PROPN-comp:obl-ADV	0.0
PROPN-comp:obl-AUX	0.0
PROPN-comp:obl-CCONJ	0.0
PROPN-comp:obl-NOUN	0.0
PROPN-comp:obl-NUM	0.0
PROPN-comp:obl-PART	0.0
PROPN-comp:obl-PRON	0.5
PROPN-comp:obl-PROPN	0.0
PROPN-comp:obl-SCONJ	0.0
PROPN-comp:obl-VERB	317.99999999996817
PROPN-comp:obl-X	0.0
PROPN-comp:pred-ADJ	1.3124999999999996
PROPN-comp:pred-ADP	700.2500000000109
PROPN-comp:pred-ADV	0.0
PROPN-comp:pred-AUX	0.0
PROPN-comp:pred-CCONJ	0.0
PROPN-comp:pred-DET	0.7758620689655173
PROPN-comp:pred-NOUN	700.2500000000109
PROPN-comp:pred-NUM	0.0
PROPN-comp:pred-PART	700.2500000000109
PROPN-comp:pred-PRON	0.0
PROPN-comp:pred-PROPN	0.0
PROPN-comp:pred-SCONJ	2.9843750000000004
PROPN-comp:pred-VERB	0.0
PROPN-det-ADP	0.0
PROPN-det-ADV	0.0
PROPN-det-AUX	0.0
PROPN-det-CCONJ	0.0
PROPN-det-DET	0.8742177231170447
PROPN-det-NOUN	0.0
PROPN-det-NUM	0.0
PROPN-det-PART	0.0
PROPN-det-PRON	0.5
PROPN-det-PROPN	0.5
PROPN-det-PUNCT	0.0
PROPN-det-SCONJ	0.0
PROPN-det:num-NUM	0.0
PROPN-dislocated-ADJ	0.0
PROPN-dislocated-ADP	700.2500000000109
PROPN-dislocated-ADV	0.0
PROPN-dislocated-INTJ	0.0
PROPN-dislocated-NOUN	0.0
PROPN-dislocated-NUM	0.0
PROPN-dislocated-PART	0.0
PROPN-dislocated-PRON	0.0
PROPN-dislocated-PROPN	0.0
PROPN-dislocated-VERB	0.0
PROPN-mod-ADJ	1.2127628384264562
PROPN-mod-ADP	3.6978393473947238
PROPN-mod-ADV	0.6813374871675792
PROPN-mod-AUX	14.45211945473483
PROPN-mod-CCONJ	2.835358624777712
PROPN-mod-DET	0.5
PROPN-mod-INTJ	0.0
PROPN-mod-NOUN	1.7138548852861275
PROPN-mod-NUM	2.1097223295419005
PROPN-mod-PART	1.2732538646185472
PROPN-mod-PRON	1.556548018075379
PROPN-mod-PROPN	2.2451640974779012
PROPN-mod-SCONJ	52.712622950819764
PROPN-mod-SYM	4.316578303425774
PROPN-mod-VERB	4.709223294151278
PROPN-mod-X	1.220028475293635
PROPN-mod:appos-NOUN	0.0
PROPN-mod:appos-NUM	0.0
PROPN-mod:appos-PROPN	0.0
PROPN-mod:emph-ADP	0.0
PROPN-mod:emph-ADV	0.0
PROPN-mod:emph-PART	0.0
PROPN-mod:emph-PRON	0.0
PROPN-mod:emph-X	0.0
PROPN-mod:m-PROPN	0.0
PROPN-mod:num-NUM	0.0
PROPN-mod:periph-ADV	0.0
PROPN-mod:periph-NOUN	0.0
PROPN-mod:periph-SCONJ	0.0
PROPN-mod:poss-PRON	0.0
PROPN-subj-ADJ	0.0
PROPN-subj-ADP	0.0
PROPN-subj-ADV	0.0
PROPN-subj-AUX	0.0
PROPN-subj-CCONJ	0.0
PROPN-subj-DET	0.0
PROPN-subj-NOUN	0.5
PROPN-subj-NUM	0.0
PROPN-subj-PART	0.0
PROPN-subj-PRON	0.5
PROPN-subj-PROPN	0.0
PROPN-subj-SCONJ	0.0
PROPN-subj-SYM	0.0
PROPN-subj-VERB	0.0
PROPN-subj-X	0.0
PROPN-udep-ADJ	0.0
PROPN-udep-ADP	9.618252551871013
PROPN-udep-ADV	0.5
PROPN-udep-AUX	0.0
PROPN-udep-CCONJ	58.00000000000118
PROPN-udep-DET	0.0
PROPN-udep-NOUN	2.950481288022872
PROPN-udep-NUM	700.2500000000109
PROPN-udep-PART	0.5
PROPN-udep-PRON	0.0
PROPN-udep-PROPN	0.5
PROPN-udep-SCONJ	15.796296296296292
PROPN-udep-SYM	0.0
PROPN-udep-VERB	0.0
PROPN-udep-X	0.0
PUNCT-comp-ADP	0.0
PUNCT-comp-AUX	0.0
PUNCT-comp-CCONJ	0.0
PUNCT-comp-NOUN	0.0
PUNCT-comp-NUM	0.0
PUNCT-comp-PART	0.0
PUNCT-comp:obj-AUX	0.0
PUNCT-comp:obj-CCONJ	0.0
PUNCT-comp:obj-NUM	0.0
PUNCT-comp:obj-PART	0.0
PUNCT-comp:obl-ADP	0.0
PUNCT-comp:pred-NOUN	0.0
PUNCT-det-DET	0.0
PUNCT-det-NUM	0.0
PUNCT-mod-ADJ	0.0
PUNCT-mod-ADP	0.0
PUNCT-mod-ADV	0.0
PUNCT-mod-AUX	0.0
PUNCT-mod-NOUN	0.0
PUNCT-mod-NUM	0.0
PUNCT-mod-PART	0.0
PUNCT-mod-VERB	0.0
PUNCT-subj-ADJ	0.0
PUNCT-subj-ADP	0.0
PUNCT-subj-NOUN	0.0
PUNCT-udep-ADP	0.0
PUNCT-udep-PROPN	0.0
SCONJ-comp-ADJ	16.18798052851902
SCONJ-comp-ADP	106.75444374292664
SCONJ-comp-ADV	9.247204843509781
SCONJ-comp-AUX	55.13939955368771
SCONJ-comp-CCONJ	42.99999999999997
SCONJ-comp-DET	36.40180005384391
SCONJ-comp-INTJ	0.0
SCONJ-comp-NOUN	16.75616179388631
SCONJ-comp-NUM	700.2500000000109
SCONJ-comp-PART	43.90411108681404
SCONJ-comp-PRON	29.292057986792834
SCONJ-comp-PROPN	267.686753528773
SCONJ-comp-SCONJ	69.45234354541064
SCONJ-comp-SYM	0.0
SCONJ-comp-VERB	14.151874026228091
SCONJ-comp-X	700.2500000000109
SCONJ-comp:aff-AUX	0.0
SCONJ-comp:aff-VERB	0.0
SCONJ-comp:aux-AUX	0.0
SCONJ-comp:aux-VERB	0.0
SCONJ-comp:cleft-AUX	0.0
SCONJ-comp:cleft-PRON	0.0
SCONJ-comp:cleft-SCONJ	0.0
SCONJ-comp:cleft-VERB	0.0
SCONJ-comp:m-PRON	0.0
SCONJ-comp:m-VERB	0.0
SCONJ-comp:obj-ADJ	16.32477504492382
SCONJ-comp:obj-ADP	106.07676695002642
SCONJ-comp:obj-ADV	9.240472580812597
SCONJ-comp:obj-AUX	55.13568854005443
SCONJ-comp:obj-CCONJ	42.99999999999997
SCONJ-comp:obj-DET	36.40180005384391
SCONJ-comp:obj-INTJ	0.0
SCONJ-comp:obj-NOUN	16.6305374529862
SCONJ-comp:obj-NUM	700.2500000000109
SCONJ-comp:obj-PART	43.88669312137124
SCONJ-comp:obj-PRON	29.121523467294566
SCONJ-comp:obj-PROPN	267.686753528773
SCONJ-comp:obj-SCONJ	69.46103384823807
SCONJ-comp:obj-SYM	0.0
SCONJ-comp:obj-VERB	14.310951784587624
SCONJ-comp:obj-X	700.2500000000109
SCONJ-comp:obl$cause-VERB	0.0
SCONJ-comp:obl-ADJ	0.0
SCONJ-comp:obl-ADP	0.0
SCONJ-comp:obl-ADV	0.0
SCONJ-comp:obl-AUX	700.2500000000109
SCONJ-comp:obl-CCONJ	0.0
SCONJ-comp:obl-DET	0.0
SCONJ-comp:obl-INTJ	0.0
SCONJ-comp:obl-NOUN	0.0
SCONJ-comp:obl-PART	0.0
SCONJ-comp:obl-PRON	0.0
SCONJ-comp:obl-PROPN	0.0
SCONJ-comp:obl-SCONJ	0.0
SCONJ-comp:obl-VERB	115.5000000000004
SCONJ-comp:pred-ADJ	0.0
SCONJ-comp:pred-ADP	0.0
SCONJ-comp:pred-ADV	0.0
SCONJ-comp:pred-AUX	0.0
SCONJ-comp:pred-CCONJ	0.0
SCONJ-comp:pred-NOUN	0.0
SCONJ-comp:pred-PRON	700.2500000000109
SCONJ-comp:pred-PROPN	0.0
SCONJ-comp:pred-SCONJ	0.0
SCONJ-comp:pred-VERB	0.0
SCONJ-comp:pred-X	0.0
SCONJ-det-ADP	0.0
SCONJ-det-DET	0.0
SCONJ-det-NUM	0.0
SCONJ-det-PRON	0.0
SCONJ-dislocated-ADJ	0.0
SCONJ-dislocated-ADP	0.0
SCONJ-dislocated-AUX	0.0
SCONJ-dislocated-CCONJ	0.0
SCONJ-dislocated-DET	0.0
SCONJ-dislocated-NOUN	0.0
SCONJ-dislocated-NUM	0.0
SCONJ-dislocated-PART	0.0
SCONJ-dislocated-PRON	0.0
SCONJ-dislocated-PROPN	0.0
SCONJ-dislocated-SCONJ	0.0
SCONJ-dislocated-VERB	0.0
SCONJ-dislocated-X	0.0
SCONJ-dislocated:obj-NOUN	0.0
SCONJ-mod-ADJ	0.0
SCONJ-mod-ADP	0.0
SCONJ-mod-ADV	0.5
SCONJ-mod-AUX	12.662151059772818
SCONJ-mod-CCONJ	0.5
SCONJ-mod-DET	0.0
SCONJ-mod-INTJ	0.0
SCONJ-mod-NOUN	4.650602409638558
SCONJ-mod-NUM	0.0
SCONJ-mod-PART	0.5
SCONJ-mod-PRON	0.0
SCONJ-mod-PROPN	0.0
SCONJ-mod-SCONJ	0.5
SCONJ-mod-SYM	0.0
SCONJ-mod-VERB	3.9008928881358482
SCONJ-mod-X	0.0
SCONJ-mod:emph-ADV	0.0
SCONJ-mod:emph-PART	0.0
SCONJ-mod:periph$cond-SCONJ	0.0
SCONJ-mod:periph$manner-ADP	0.0
SCONJ-mod:periph$tempo-ADP	0.0
SCONJ-mod:periph-ADP	0.0
SCONJ-mod:periph-ADV	0.0
SCONJ-mod:periph-NOUN	0.0
SCONJ-mod:periph-PART	0.0
SCONJ-subj-ADJ	0.0
SCONJ-subj-ADP	0.0
SCONJ-subj-ADV	0.0
SCONJ-subj-AUX	0.0
SCONJ-subj-CCONJ	0.0
SCONJ-subj-DET	0.0
SCONJ-subj-INTJ	0.0
SCONJ-subj-NOUN	0.5
SCONJ-subj-NUM	0.0
SCONJ-subj-PART	0.0
SCONJ-subj-PRON	0.5
SCONJ-subj-PROPN	0.0
SCONJ-subj-SCONJ	0.0
SCONJ-subj-SYM	0.0
SCONJ-subj-VERB	0.0
SCONJ-subj-X	0.0
SCONJ-udep-ADJ	0.0
SCONJ-udep-ADP	0.5
SCONJ-udep-ADV	0.0
SCONJ-udep-AUX	0.0
SCONJ-udep-CCONJ	0.0
SCONJ-udep-DET	0.0
SCONJ-udep-NOUN	0.5
SCONJ-udep-NUM	0.0
SCONJ-udep-PART	0.0
SCONJ-udep-PRON	0.0
SCONJ-udep-PROPN	0.0
SCONJ-udep-SCONJ	0.0
SCONJ-udep-VERB	0.0
SCONJ-udep-X	0.0
SYM-comp-ADJ	0.0
SYM-comp-ADP	0.0
SYM-comp-ADV	0.0
SYM-comp-AUX	0.0
SYM-comp-CCONJ	0.0
SYM-comp-DET	0.0
SYM-comp-NOUN	1.133333333333333
SYM-comp-NUM	51.2499999999999
SYM-comp-PART	0.0
SYM-comp-PRON	0.0
SYM-comp-PROPN	0.0
SYM-comp-SCONJ	0.0
SYM-comp-SYM	0.0
SYM-comp-VERB	0.0
SYM-comp-X	0.0
SYM-comp:obj-ADJ	0.0
SYM-comp:obj-ADP	0.0
SYM-comp:obj-ADV	0.0
SYM-comp:obj-AUX	0.0
SYM-comp:obj-CCONJ	0.0
SYM-comp:obj-DET	0.0
SYM-comp:obj-NOUN	0.0
SYM-comp:obj-NUM	51.2499999999999
SYM-comp:obj-PRON	0.0
SYM-comp:obj-PROPN	0.0
SYM-comp:obj-SCONJ	0.0
SYM-comp:obj-SYM	0.0
SYM-comp:obj-VERB	0.0
SYM-comp:obj-X	0.0
SYM-comp:obl-ADP	0.0
SYM-comp:obl-AUX	0.0
SYM-comp:obl-NOUN	0.0
SYM-comp:obl-PART	0.0
SYM-comp:obl-PRON	0.0
SYM-comp:obl-SCONJ	0.0
SYM-comp:obl-VERB	0.0
SYM-comp:pred-ADJ	0.0
SYM-comp:pred-ADP	0.0
SYM-comp:pred-NOUN	0.0
SYM-comp:pred-NUM	0.0
SYM-comp:pred-PART	0.0
SYM-comp:pred-SCONJ	0.0
SYM-det-ADP	0.0
SYM-det-ADV	0.0
SYM-det-DET	0.5
SYM-det-NUM	0.0
SYM-det-PRON	0.0
SYM-det-X	0.0
SYM-dislocated-NOUN	0.0
SYM-mod-ADJ	1.0850622406639003
SYM-mod-ADP	700.2500000000109
SYM-mod-ADV	0.9187319869733952
SYM-mod-AUX	0.0
SYM-mod-CCONJ	0.0
SYM-mod-DET	0.0
SYM-mod-NOUN	3.9498574760300627
SYM-mod-NUM	0.6286301412285614
SYM-mod-PART	0.0
SYM-mod-PRON	0.5
SYM-mod-PROPN	0.0
SYM-mod-SCONJ	0.0
SYM-mod-SYM	15.300000000000004
SYM-mod-VERB	9.666666666666691
SYM-mod-X	0.0
SYM-subj-ADJ	0.0
SYM-subj-ADP	0.0
SYM-subj-ADV	0.0
SYM-subj-DET	0.0
SYM-subj-NOUN	0.5
SYM-subj-NUM	0.0
SYM-subj-PRON	0.0
SYM-subj-PROPN	0.0
SYM-subj-SYM	0.0
SYM-subj-VERB	0.0
SYM-subj-X	0.0
SYM-udep-ADJ	0.0
SYM-udep-ADP	9.186627252866943
SYM-udep-ADV	0.0
SYM-udep-AUX	0.0
SYM-udep-CCONJ	0.0
SYM-udep-DET	0.0
SYM-udep-INTJ	0.0
SYM-udep-NOUN	0.0
SYM-udep-NUM	0.8409090909090909
SYM-udep-PART	0.0
SYM-udep-PRON	0.0
SYM-udep-PROPN	0.0
SYM-udep-SCONJ	0.0
SYM-udep-SYM	0.0
SYM-udep-VERB	0.0
SYM-udep-X	0.0
VERB-clf-ADJ	0.0
VERB-clf-ADP	0.0
VERB-clf-ADV	0.0
VERB-clf-AUX	0.0
VERB-clf-NOUN	0.0
VERB-clf-PART	0.0
VERB-clf-VERB	0.0
VERB-comp-ADJ	2.386854668338774
VERB-comp-ADP	2.567302920765025
VERB-comp-ADV	1.8457499115280223
VERB-comp-AUX	4.2421659841649975
VERB-comp-CCONJ	1.604370640577991
VERB-comp-DET	0.9816890730174908
VERB-comp-INTJ	1.0277777777777775
VERB-comp-NOUN	2.3082534131007812
VERB-comp-NUM	2.4681895237888822
VERB-comp-PART	4.469031016002296
VERB-comp-PRON	1.0618796668834038
VERB-comp-PROPN	2.2744473396126637
VERB-comp-PUNCT	0.0
VERB-comp-SCONJ	22.528202487297435
VERB-comp-SYM	7.326460075910676
VERB-comp-VERB	3.9993409684238026
VERB-comp-X	4.699410473526978
VERB-comp:aff-AUX	0.0
VERB-comp:arg-NUM	0.0
VERB-comp:aux-ADJ	0.0
VERB-comp:aux-ADP	700.2500000000109
VERB-comp:aux-ADV	21.00000000000003
VERB-comp:aux-AUX	700.2500000000109
VERB-comp:aux-CCONJ	0.0
VERB-comp:aux-NOUN	0.0
VERB-comp:aux-NUM	0.0
VERB-comp:aux-PART	700.2500000000109
VERB-comp:aux-PRON	0.0
VERB-comp:aux-SCONJ	47.499999999999126
VERB-comp:aux-VERB	147.16666666666725
VERB-comp:aux-X	0.0
VERB-comp:ben-NOUN	0.0
VERB-comp:ben-PRON	700.2500000000109
VERB-comp:ben-PROPN	0.0
VERB-comp:cleft-AUX	0.0
VERB-comp:cleft-NOUN	0.0
VERB-comp:cleft-NUM	0.0
VERB-comp:cleft-PART	0.0
VERB-comp:cleft-SCONJ	0.0
VERB-comp:cleft-VERB	0.0
VERB-comp:goal-ADP	0.0
VERB-comp:goal-ADV	0.0
VERB-comp:goal-INTJ	0.0
VERB-comp:goal-NOUN	0.0
VERB-comp:goal-PART	0.0
VERB-comp:goal-PRON	0.0
VERB-comp:goal-PROPN	0.0
VERB-comp:goal-VERB	0.0
VERB-comp:loc-ADP	0.0
VERB-comp:loc-ADV	0.0
VERB-comp:loc-NOUN	0.0
VERB-comp:loc-PRON	0.0
VERB-comp:loc-PROPN	0.0
VERB-comp:m-ADJ	0.0
VERB-comp:m-ADP	0.0
VERB-comp:m-ADV	0.0
VERB-comp:m-AUX	0.0
VERB-comp:m-NOUN	700.2500000000109
VERB-comp:m-NUM	0.0
VERB-comp:m-VERB	0.0
VERB-comp:obj$attitude-ADP	0.0
VERB-comp:obj$attitude-AUX	0.0
VERB-comp:obj$attitude-SCONJ	0.0
VERB-comp:obj$attitude-VERB	0.0
VERB-comp:obj$concess-VERB	0.0
VERB-comp:obj$desire-ADJ	0.0
VERB-comp:obj$desire-AUX	0.0
VERB-comp:obj$desire-SCONJ	0.0
VERB-comp:obj$desire-VERB	700.2500000000109
VERB-comp:obj$desire-X	0.0
VERB-comp:obj$know-ADP	0.0
VERB-comp:obj$know-AUX	0.0
VERB-comp:obj$know-SCONJ	0.0
VERB-comp:obj$know-VERB	0.0
VERB-comp:obj$percep-ADP	0.0
VERB-comp:obj$percep-AUX	0.0
VERB-comp:obj$phase-AUX	0.0
VERB-comp:obj$phase-NOUN	0.0
VERB-comp:obj$phase-VERB	0.0
VERB-comp:obj$utter-SCONJ	700.2500000000109
VERB-comp:obj$utter-VERB	0.0
VERB-comp:obj-ADJ	1.6845724714710975
VERB-comp:obj-ADP	2.1845507076150636
VERB-comp:obj-ADV	1.9162389665333712
VERB-comp:obj-AUX	3.7998329650084246
VERB-comp:obj-CCONJ	3.3275531337956203
VERB-comp:obj-DET	1.0101131845636506
VERB-comp:obj-INTJ	0.9722222222222222
VERB-comp:obj-NOUN	2.347067616275398
VERB-comp:obj-NOUNPROPN	2.3386644687754052
VERB-comp:obj-NUM	2.559454446576317
VERB-comp:obj-PART	2.432766430567624
VERB-comp:obj-PRON	1.1210370027599648
VERB-comp:obj-PROPN	2.3073946238624212
VERB-comp:obj-PUNCT	0.0
VERB-comp:obj-SCONJ	35.0925691121476
VERB-comp:obj-SYM	7.35888053399815
VERB-comp:obj-VERB	4.131349629497621
VERB-comp:obj-X	4.481082301344534
VERB-comp:obl$attitude-ADP	0.0
VERB-comp:obl$attitude-SCONJ	0.0
VERB-comp:obl$attitude-VERB	0.0
VERB-comp:obl$cause-ADP	0.0
VERB-comp:obl$cause-AUX	0.0
VERB-comp:obl$cause-SCONJ	0.0
VERB-comp:obl$cause-VERB	700.2500000000109
VERB-comp:obl$cause-X	0.0
VERB-comp:obl$desire-ADP	0.0
VERB-comp:obl$desire-SCONJ	0.0
VERB-comp:obl$desire-VERB	0.0
VERB-comp:obl$know-ADP	0.0
VERB-comp:obl$know-SCONJ	0.0
VERB-comp:obl$modal-ADP	0.0
VERB-comp:obl$modal-AUX	0.0
VERB-comp:obl$modal-SCONJ	0.0
VERB-comp:obl$modal-VERB	0.0
VERB-comp:obl$percep-ADP	0.0
VERB-comp:obl$percep-AUX	0.0
VERB-comp:obl$percep-VERB	0.0
VERB-comp:obl$phase-ADP	700.2500000000109
VERB-comp:obl$request-ADP	0.0
VERB-comp:obl$utter-SCONJ	0.0
VERB-comp:obl-ADJ	1.3299465747555241
VERB-comp:obl-ADP	3.1511334796517882
VERB-comp:obl-ADPNOUN	2.1936478905829957
VERB-comp:obl-ADV	4.055131586671499
VERB-comp:obl-AUX	5.275326022949469
VERB-comp:obl-CCONJ	25.000000000000092
VERB-comp:obl-DET	0.6517348361468878
VERB-comp:obl-INTJ	0.0
VERB-comp:obl-NOUN	1.5716546396122024
VERB-comp:obl-NUM	2.6481481481481484
VERB-comp:obl-PART	13.395447440820679
VERB-comp:obl-PRON	1.181314782626768
VERB-comp:obl-PROPN	1.7370609487334963
VERB-comp:obl-SCONJ	12.570472822367382
VERB-comp:obl-SYM	0.0
VERB-comp:obl-VERB	5.862774896348732
VERB-comp:obl-X	20.50000000000001
VERB-comp:pred$attitude-VERB	0.0
VERB-comp:pred$manner-SCONJ	0.0
VERB-comp:pred-ADJ	2.9262214142472414
VERB-comp:pred-ADP	2.5783905072406883
VERB-comp:pred-ADV	1.7626317373692333
VERB-comp:pred-AUX	4.196789378234058
VERB-comp:pred-CCONJ	0.0
VERB-comp:pred-DET	0.8610963278339542
VERB-comp:pred-INTJ	0.0
VERB-comp:pred-NOUN	2.6264204686523027
VERB-comp:pred-NUM	0.9531250000000001
VERB-comp:pred-PART	14.51488827642004
VERB-comp:pred-PRON	1.608914847567277
VERB-comp:pred-PROPN	2.854080456272713
VERB-comp:pred-SCONJ	4.273614568436383
VERB-comp:pred-SYM	0.0
VERB-comp:pred-VERB	2.2450123818540675
VERB-comp:pred-X	29.999999999999982
VERB-comp:source-ADV	0.0
VERB-det-ADP	0.7850951662204462
VERB-det-ADV	0.0
VERB-det-AUX	0.0
VERB-det-CCONJ	0.0
VERB-det-DET	0.6236971037299199
VERB-det-NOUN	0.0
VERB-det-NUM	0.0
VERB-det-PART	0.0
VERB-det-PRON	0.5
VERB-det-SCONJ	0.0
VERB-det-VERB	0.0
VERB-det-X	0.0
VERB-det:num-NUM	0.0
VERB-dislocated-ADJ	0.0
VERB-dislocated-ADP	0.5
VERB-dislocated-ADV	0.0
VERB-dislocated-AUX	0.0
VERB-dislocated-CCONJ	0.0
VERB-dislocated-DET	0.0
VERB-dislocated-INTJ	0.0
VERB-dislocated-NOUN	0.6677729099999881
VERB-dislocated-NUM	0.0
VERB-dislocated-PART	700.2500000000109
VERB-dislocated-PRON	0.5
VERB-dislocated-PROPN	0.0
VERB-dislocated-SCONJ	0.0
VERB-dislocated-SYM	0.0
VERB-dislocated-VERB	0.5
VERB-dislocated-X	0.0
VERB-dislocated:obj-NOUN	0.0
VERB-dislocated:obj-PRON	0.0
VERB-mod-ADJ	0.9625438117323883
VERB-mod-ADP	1.2201404075948843
VERB-mod-ADV	0.6453674371084295
VERB-mod-AUX	1.3120411907925036
VERB-mod-CCONJ	0.9470301427131362
VERB-mod-DET	1.268362316683127
VERB-mod-INTJ	0.5
VERB-mod-NOUN	1.32315565930117
VERB-mod-NUM	0.8193330997020996
VERB-mod-PART	0.9828421401678009
VERB-mod-PRON	0.7431853976651599
VERB-mod-PROPN	1.859971674611293
VERB-mod-PUNCT	0.0
VERB-mod-SCONJ	0.9889383399104851
VERB-mod-SYM	0.5
VERB-mod-VERB	0.9764512281971074
VERB-mod-X	1.5011233124068284
VERB-mod:appos-ADP	0.0
VERB-mod:aux-AUX	0.0
VERB-mod:emph-ADP	0.0
VERB-mod:emph-ADV	29.49999999999966
VERB-mod:emph-PART	119.00000000000128
VERB-mod:m-ADJ	0.0
VERB-mod:m-ADV	0.0
VERB-mod:m-NOUN	0.0
VERB-mod:m-VERB	0.0
VERB-mod:periph$concess-AUX	0.0
VERB-mod:periph$concess-PART	0.0
VERB-mod:periph$cond-SCONJ	0.0
VERB-mod:periph$cond-VERB	0.0
VERB-mod:periph$manner-ADP	0.0
VERB-mod:periph$purp-ADP	0.0
VERB-mod:periph$reason-ADP	0.0
VERB-mod:periph$reason-SCONJ	0.0
VERB-mod:periph$tempa-ADP	0.0
VERB-mod:periph$tempb-ADP	0.0
VERB-mod:periph$tempo-ADP	0.0
VERB-mod:periph$tempo-ADV	0.0
VERB-mod:periph$tempo-AUX	0.0
VERB-mod:periph$tempo-SCONJ	0.0
VERB-mod:periph-ADJ	0.0
VERB-mod:periph-ADP	0.5
VERB-mod:periph-ADV	0.0
VERB-mod:periph-AUX	0.0
VERB-mod:periph-DET	0.0
VERB-mod:periph-NOUN	0.0
VERB-mod:periph-NUM	0.0
VERB-mod:periph-PART	0.0
VERB-mod:periph-PRON	0.0
VERB-mod:periph-PROPN	0.0
VERB-mod:periph-SCONJ	0.0
VERB-mod:periph-VERB	0.0
VERB-mod:periph-X	0.0
VERB-mod:poss-ADJ	0.0
VERB-mod:poss-PRON	0.0
VERB-mod:pred-ADJ	0.0
VERB-subj-ADJ	0.5495057949914216
VERB-subj-ADP	0.9681238410769571
VERB-subj-ADV	0.7393012519538159
VERB-subj-AUX	1.1127069307696715
VERB-subj-CCONJ	1.387152420973462
VERB-subj-DET	0.5
VERB-subj-INTJ	0.0
VERB-subj-NOUN	0.6421331071472062
VERB-subj-NOUNPROPN	0.6343025638231721
VERB-subj-NUM	0.5538722960780528
VERB-subj-PART	2.099620165517168
VERB-subj-PRON	0.754138116493421
VERB-subj-PROPN	0.7032541259923694
VERB-subj-SCONJ	5.075326806095294
VERB-subj-SYM	0.5
VERB-subj-VERB	0.9763199621436206
VERB-subj-X	0.8349558422828837
VERB-subj:aff-PRON	0.5
VERB-udep-ADJ	0.8408071006209534
VERB-udep-ADP	1.4629269547522854
VERB-udep-ADV	1.1796359543973545
VERB-udep-AUX	2.433367929738181
VERB-udep-CCONJ	1.3293928021799228
VERB-udep-DET	0.7561043413791758
VERB-udep-INTJ	0.0
VERB-udep-NOUN	1.0011596714043067
VERB-udep-NUM	1.5250510126601897
VERB-udep-PART	3.192956629390586
VERB-udep-PRON	0.606075339250015
VERB-udep-PROPN	1.0389137710131058
VERB-udep-SCONJ	2.24601421837752
VERB-udep-SYM	5.527397260273972
VERB-udep-VERB	0.8234283201961616
VERB-udep-X	1.7420982655466248
X-clf-NOUN	0.0
X-comp-ADJ	0.0
X-comp-ADP	46.124999999999815
X-comp-ADV	0.0
X-comp-AUX	0.0
X-comp-CCONJ	0.0
X-comp-DET	0.0
X-comp-INTJ	0.0
X-comp-NOUN	700.2500000000109
X-comp-NUM	700.2500000000109
X-comp-PART	0.0
X-comp-PRON	0.0
X-comp-PROPN	0.0
X-comp-SCONJ	33.00000000000004
X-comp-SYM	0.0
X-comp-VERB	0.0
X-comp-X	6.624999999999999
X-comp:aux-VERB	0.0
X-comp:cleft-VERB	0.0
X-comp:obj-ADJ	0.0
X-comp:obj-ADP	14.749999999999991
X-comp:obj-ADV	0.0
X-comp:obj-AUX	0.0
X-comp:obj-CCONJ	0.0
X-comp:obj-DET	0.0
X-comp:obj-INTJ	0.0
X-comp:obj-NOUN	700.2500000000109
X-comp:obj-NUM	700.2500000000109
X-comp:obj-PART	0.0
X-comp:obj-PRON	0.0
X-comp:obj-PROPN	0.0
X-comp:obj-SCONJ	0.0
X-comp:obj-SYM	0.0
X-comp:obj-VERB	0.0
X-comp:obj-X	0.0
X-comp:obl-ADJ	0.0
X-comp:obl-ADP	75.99999999999861
X-comp:obl-ADV	0.0
X-comp:obl-AUX	0.0
X-comp:obl-CCONJ	0.0
X-comp:obl-DET	0.0
X-comp:obl-NOUN	0.0
X-comp:obl-NUM	0.0
X-comp:obl-PRON	0.0
X-comp:obl-PROPN	0.0
X-comp:obl-SCONJ	0.0
X-comp:obl-VERB	0.0
X-comp:obl-X	0.0
X-comp:pred-ADJ	0.0
X-comp:pred-ADP	0.0
X-comp:pred-ADV	0.0
X-comp:pred-AUX	0.0
X-comp:pred-CCONJ	0.0
X-comp:pred-NOUN	0.0
X-comp:pred-PART	0.0
X-comp:pred-PRON	0.0
X-comp:pred-PROPN	0.0
X-comp:pred-VERB	0.0
X-comp:pred-X	0.0
X-det-DET	0.5
X-det-NUM	0.0
X-det-PART	0.0
X-det-PRON	0.0
X-det-SYM	0.0
X-det-X	0.0
X-det:num-NUM	0.0
X-dislocated-ADP	0.0
X-dislocated-NOUN	0.0
X-dislocated-VERB	0.0
X-dislocated-X	0.0
X-mod-ADJ	1.0380992669195652
X-mod-ADP	0.0
X-mod-ADV	0.916112631990614
X-mod-AUX	700.2500000000109
X-mod-CCONJ	0.0
X-mod-DET	0.0
X-mod-NOUN	1.7589607785526404
X-mod-NUM	1.4168579766603966
X-mod-PART	0.5
X-mod-PRON	0.0
X-mod-PROPN	0.5
X-mod-SCONJ	0.0
X-mod-SYM	0.0
X-mod-VERB	45.30000000000002
X-mod-X	2.300164707499533
X-mod:periph$cond-SCONJ	0.0
X-mod:periph$tempb-ADP	0.0
X-mod:periph$tempo-ADV	0.0
X-mod:periph-ADP	0.0
X-mod:periph-ADV	0.0
X-mod:periph-NOUN	0.0
X-mod:poss-PRON	0.0
X-subj-ADJ	0.0
X-subj-ADP	0.0
X-subj-AUX	0.0
X-subj-CCONJ	0.0
X-subj-DET	0.0
X-subj-NOUN	0.5
X-subj-NUM	0.0
X-subj-PRON	0.5
X-subj-PROPN	0.0
X-subj-SCONJ	0.0
X-subj-SYM	0.0
X-subj-VERB	0.0
X-subj-X	0.0
X-udep-ADJ	0.0
X-udep-ADP	8.393576692267255
X-udep-ADV	0.0
X-udep-AUX	0.0
X-udep-CCONJ	0.0
X-udep-DET	0.0
X-udep-NOUN	0.7916666666666666
X-udep-NUM	0.0
X-udep-PART	0.0
X-udep-PRON	0.0
X-udep-PROPN	0.0
X-udep-SCONJ	0.0
X-udep-SYM	0.0
X-udep-VERB	0.0
X-udep-X	0.0
