	head_final_weight
ADJ-clf-ADJ	0.0
ADJ-clf-NOUN	0.0
ADJ-clf-NUM	0.0
ADJ-clf-VERB	0.0
ADJ-comp-ADJ	1.2623699316742518
ADJ-comp-ADP	1.2602011772635133
ADJ-comp-ADV	1.576923076923077
ADJ-comp-AUX	0.5000000000000029
ADJ-comp-CCONJ	0.0
ADJ-comp-DET	0.6573033707865168
ADJ-comp-INTJ	0.0
ADJ-comp-NOUN	1.2443709783082144
ADJ-comp-NUM	0.0
ADJ-comp-PART	0.5000000000000022
ADJ-comp-PRON	1.6610286777791654
ADJ-comp-PROPN	1.6782061834902857
ADJ-comp-SCONJ	1.4747351954500416
ADJ-comp-SYM	0.0
ADJ-comp-VERB	1.0374154136317773
ADJ-comp-X	0.0
ADJ-comp:aff-DET	0.0
ADJ-comp:aux-AUX	0.0
ADJ-comp:aux-PART	0.0
ADJ-comp:aux-VERB	0.0
ADJ-comp:cleft-AUX	0.0
ADJ-comp:cleft-SCONJ	0.0
ADJ-comp:cleft-VERB	0.0
ADJ-comp:m-ADP	0.0
ADJ-comp:m-ADV	0.0
ADJ-comp:m-NOUN	0.0
ADJ-comp:m-PART	0.0
ADJ-comp:m-PRON	0.0
ADJ-comp:m-VERB	0.0
ADJ-comp:obj-ADJ	34.5
ADJ-comp:obj-ADP	2.168099926140281
ADJ-comp:obj-ADV	0.5
ADJ-comp:obj-AUX	0.0
ADJ-comp:obj-CCONJ	0.0
ADJ-comp:obj-DET	0.0
ADJ-comp:obj-INTJ	0.0
ADJ-comp:obj-NOUN	1.6628626677473277
ADJ-comp:obj-NUM	0.0
ADJ-comp:obj-PART	0.0
ADJ-comp:obj-PRON	2.4973126560931482
ADJ-comp:obj-PROPN	7.043278084714553
ADJ-comp:obj-SCONJ	0.5
ADJ-comp:obj-SYM	0.0
ADJ-comp:obj-VERB	10970.000000000024
ADJ-comp:obj-X	0.0
ADJ-comp:obl-ADJ	0.5
ADJ-comp:obl-ADP	0.6813396430717891
ADJ-comp:obl-ADV	10970.000000000024
ADJ-comp:obl-AUX	0.5
ADJ-comp:obl-CCONJ	0.0
ADJ-comp:obl-DET	0.5855263157894737
ADJ-comp:obl-INTJ	0.0
ADJ-comp:obl-NOUN	0.8947084916255704
ADJ-comp:obl-NUM	0.0
ADJ-comp:obl-PART	0.5
ADJ-comp:obl-PRON	1.3189611442686777
ADJ-comp:obl-PROPN	0.5
ADJ-comp:obl-SCONJ	0.5000000000000039
ADJ-comp:obl-SYM	0.0
ADJ-comp:obl-VERB	1.1772013189491264
ADJ-comp:obl-X	0.0
ADJ-comp:pred-ADJ	2.177452562362639
ADJ-comp:pred-ADP	0.9659090909090909
ADJ-comp:pred-ADV	0.0
ADJ-comp:pred-AUX	0.0
ADJ-comp:pred-CCONJ	0.0
ADJ-comp:pred-DET	0.0
ADJ-comp:pred-NOUN	9.282866836301952
ADJ-comp:pred-NUM	0.0
ADJ-comp:pred-PART	0.0
ADJ-comp:pred-PRON	0.0
ADJ-comp:pred-PROPN	0.0
ADJ-comp:pred-SCONJ	2.807692307692307
ADJ-comp:pred-SYM	0.0
ADJ-comp:pred-VERB	0.0
ADJ-comp:pred-X	0.0
ADJ-det-ADJ	0.0
ADJ-det-ADP	0.0
ADJ-det-ADV	10970.000000000024
ADJ-det-AUX	0.0
ADJ-det-CCONJ	0.0
ADJ-det-DET	11.022813479106555
ADJ-det-NOUN	0.0
ADJ-det-NUM	0.0
ADJ-det-PART	0.0
ADJ-det-PRON	6.169829222011384
ADJ-det-SCONJ	0.0
ADJ-det-VERB	0.0
ADJ-dislocated-ADJ	0.0
ADJ-dislocated-ADP	0.0
ADJ-dislocated-ADV	0.0
ADJ-dislocated-AUX	0.0
ADJ-dislocated-CCONJ	10970.000000000024
ADJ-dislocated-DET	0.0
ADJ-dislocated-NOUN	10970.000000000024
ADJ-dislocated-NUM	0.0
ADJ-dislocated-PART	0.0
ADJ-dislocated-PRON	10970.000000000024
ADJ-dislocated-PROPN	10970.000000000024
ADJ-dislocated-SCONJ	0.0
ADJ-dislocated-SYM	0.0
ADJ-dislocated-VERB	0.0
ADJ-mod-ADJ	1.6178157779811313
ADJ-mod-ADP	1.0507388609603039
ADJ-mod-ADV	4.574040188699971
ADJ-mod-AUX	1.5982904630743573
ADJ-mod-CCONJ	1.178676755354885
ADJ-mod-DET	1.2788206908268502
ADJ-mod-INTJ	0.0
ADJ-mod-NOUN	1.503570890756342
ADJ-mod-NUM	2.558544835505482
ADJ-mod-PART	2.15999641309278
ADJ-mod-PRON	2.3271736846156434
ADJ-mod-PROPN	2.5643941917270117
ADJ-mod-SCONJ	0.8773420602904697
ADJ-mod-SYM	0.0
ADJ-mod-VERB	1.2923356704215194
ADJ-mod-X	0.5
ADJ-mod:appos-PROPN	0.0
ADJ-mod:emph-ADV	0.0
ADJ-mod:emph-PART	0.0
ADJ-mod:m-ADJ	0.0
ADJ-mod:m-ADV	0.0
ADJ-mod:m-NOUN	0.0
ADJ-mod:m-PART	0.0
ADJ-mod:m-VERB	0.0
ADJ-mod:periph-ADV	0.0
ADJ-mod:poss-ADJ	0.0
ADJ-mod:poss-PRON	0.0
ADJ-subj-ADJ	2.102292123872226
ADJ-subj-ADP	10970.000000000024
ADJ-subj-ADV	0.0
ADJ-subj-AUX	0.5
ADJ-subj-CCONJ	10970.000000000024
ADJ-subj-DET	7.655049786628734
ADJ-subj-INTJ	0.0
ADJ-subj-NOUN	1.985869930565026
ADJ-subj-NUM	0.0
ADJ-subj-PART	10970.000000000024
ADJ-subj-PRON	7.492128038595339
ADJ-subj-PROPN	3.5666075699204964
ADJ-subj-SCONJ	0.5
ADJ-subj-SYM	0.0
ADJ-subj-VERB	2.043510060241134
ADJ-subj-X	0.0
ADJ-udep-ADJ	1.712685272842248
ADJ-udep-ADP	1.0878895358784721
ADJ-udep-ADV	3.334338389134179
ADJ-udep-AUX	0.0
ADJ-udep-CCONJ	2.3830551949080085
ADJ-udep-DET	1.4550415698018047
ADJ-udep-INTJ	0.0
ADJ-udep-NOUN	1.2736504067505854
ADJ-udep-NUM	2.967717152633668
ADJ-udep-PART	4.048076923076922
ADJ-udep-PRON	1.98396448879812
ADJ-udep-PROPN	6.450372168657316
ADJ-udep-SCONJ	0.4999999999999991
ADJ-udep-SYM	0.0
ADJ-udep-VERB	23.500000000000004
ADJ-udep-X	0.0
ADP-comp-ADJ	2.0555482251474206
ADP-comp-ADP	2.8068286076785505
ADP-comp-ADV	1.0664943669210376
ADP-comp-AUX	1.9448270414145026
ADP-comp-CCONJ	0.49999999999999983
ADP-comp-DET	1.8916844009217924
ADP-comp-INTJ	10970.000000000024
ADP-comp-NOUN	5.335808322591863
ADP-comp-NUM	2.765314136247706
ADP-comp-PART	7.1326030230768795
ADP-comp-PRON	3.5901580310115575
ADP-comp-PROPN	4.678551437203428
ADP-comp-PUNCT	0.0
ADP-comp-SCONJ	4.994849101574155
ADP-comp-SYM	30.593004316137947
ADP-comp-VERB	1.6082084391892586
ADP-comp-X	2.5888354793780346
ADP-comp:aff-NOUN	0.0
ADP-comp:aux-AUX	0.0
ADP-comp:aux-VERB	0.0
ADP-comp:cleft-VERB	0.0
ADP-comp:m-ADP	0.0
ADP-comp:m-AUX	0.0
ADP-comp:m-PART	0.0
ADP-comp:m-PRON	0.0
ADP-comp:obj-ADJ	2.155869850279044
ADP-comp:obj-ADP	3.3523836677695376
ADP-comp:obj-ADV	1.0558242320781133
ADP-comp:obj-AUX	1.8876901535733681
ADP-comp:obj-CCONJ	0.5
ADP-comp:obj-DET	1.8986459741458126
ADP-comp:obj-INTJ	10970.000000000024
ADP-comp:obj-NOUN	5.368724354549761
ADP-comp:obj-NOUNPROPN	5.063239635048404
ADP-comp:obj-NUM	2.819996404889886
ADP-comp:obj-PART	7.012928931037524
ADP-comp:obj-PRON	3.730910541190991
ADP-comp:obj-PROPN	4.684379972287259
ADP-comp:obj-PUNCT	0.0
ADP-comp:obj-SCONJ	9.854241663989269
ADP-comp:obj-SYM	30.589476726970506
ADP-comp:obj-VERB	1.6197394868344295
ADP-comp:obj-X	2.5880684468375628
ADP-comp:obl-ADJ	0.0
ADP-comp:obl-ADP	0.499999999999989
ADP-comp:obl-ADV	0.0
ADP-comp:obl-AUX	0.5
ADP-comp:obl-CCONJ	0.0
ADP-comp:obl-DET	0.0
ADP-comp:obl-INTJ	0.0
ADP-comp:obl-NOUN	0.4999999999999992
ADP-comp:obl-NUM	0.0
ADP-comp:obl-PART	0.0
ADP-comp:obl-PRON	2.4260180747136957
ADP-comp:obl-PROPN	0.0
ADP-comp:obl-SCONJ	0.49999999999999933
ADP-comp:obl-SYM	0.0
ADP-comp:obl-VERB	0.6299791764626856
ADP-comp:obl-X	0.0
ADP-comp:pred-ADJ	0.0
ADP-comp:pred-ADP	0.5
ADP-comp:pred-ADV	0.0
ADP-comp:pred-AUX	0.0
ADP-comp:pred-CCONJ	0.0
ADP-comp:pred-DET	0.0
ADP-comp:pred-NOUN	2.3289473684210527
ADP-comp:pred-NUM	0.0
ADP-comp:pred-PART	0.5
ADP-comp:pred-PRON	0.0
ADP-comp:pred-PROPN	0.0
ADP-comp:pred-SCONJ	0.5
ADP-comp:pred-VERB	0.0
ADP-comp:pred-X	0.0
ADP-det-ADP	0.0
ADP-det-DET	4.566848982072315
ADP-det-NUM	0.0
ADP-det-PRON	0.0
ADP-dislocated-ADJ	0.0
ADP-dislocated-ADP	0.0
ADP-dislocated-ADV	0.0
ADP-dislocated-AUX	0.0
ADP-dislocated-DET	0.0
ADP-dislocated-NOUN	0.0
ADP-dislocated-NUM	0.0
ADP-dislocated-PART	0.0
ADP-dislocated-PRON	0.0
ADP-dislocated-PROPN	0.0
ADP-dislocated-SCONJ	0.0
ADP-dislocated-SYM	0.0
ADP-dislocated-VERB	0.0
ADP-dislocated-X	0.0
ADP-mod-ADJ	1.51131950322897
ADP-mod-ADP	1.3345543135385687
ADP-mod-ADV	8.806455168492452
ADP-mod-AUX	0.5000000000000013
ADP-mod-CCONJ	152.49999999999997
ADP-mod-DET	4.0
ADP-mod-INTJ	0.0
ADP-mod-NOUN	1.1861142421762019
ADP-mod-NUM	3.1548319213469296
ADP-mod-PART	15.128598676935692
ADP-mod-PRON	1.6808638141146208
ADP-mod-PROPN	2.4906454630495785
ADP-mod-PUNCT	0.0
ADP-mod-SCONJ	0.49999999999999983
ADP-mod-SYM	0.0
ADP-mod-VERB	0.6168509021521023
ADP-mod-X	0.0
ADP-mod:appos-PROPN	0.0
ADP-mod:emph-ADV	0.0
ADP-mod:emph-PART	0.0
ADP-mod:m-ADV	0.0
ADP-mod:m-NOUN	0.0
ADP-mod:m-NUM	0.0
ADP-mod:periph$tempo-ADV	0.0
ADP-mod:periph-ADP	0.0
ADP-mod:periph-ADV	0.0
ADP-subj-ADJ	0.8364346855228881
ADP-subj-ADP	276.8250000000001
ADP-subj-ADV	0.5
ADP-subj-AUX	0.0
ADP-subj-CCONJ	0.0
ADP-subj-DET	1.4154929577464788
ADP-subj-INTJ	0.0
ADP-subj-NOUN	0.9527472569146278
ADP-subj-NUM	0.5000000000000006
ADP-subj-PART	0.5
ADP-subj-PRON	2.025772954839413
ADP-subj-PROPN	1.242667780924763
ADP-subj-PUNCT	0.0
ADP-subj-SCONJ	0.0
ADP-subj-SYM	0.0
ADP-subj-VERB	0.0
ADP-subj-X	0.0
ADP-udep-ADJ	0.0
ADP-udep-ADP	2.691531052016755
ADP-udep-ADV	10970.000000000024
ADP-udep-AUX	0.0
ADP-udep-CCONJ	0.0
ADP-udep-DET	8.875000000000002
ADP-udep-NOUN	2.200006662586752
ADP-udep-NUM	0.0
ADP-udep-PART	0.0
ADP-udep-PRON	0.0
ADP-udep-PROPN	0.0
ADP-udep-SCONJ	0.0
ADP-udep-SYM	0.0
ADP-udep-VERB	0.0
ADP-udep-X	0.0
ADV-clf-NOUN	0.0
ADV-comp-ADJ	9.239471422052306
ADV-comp-ADP	3.954215897280221
ADV-comp-ADV	1.6660636908145632
ADV-comp-AUX	0.5
ADV-comp-CCONJ	10970.000000000024
ADV-comp-DET	0.0
ADV-comp-INTJ	0.0
ADV-comp-NOUN	1.0287030389866227
ADV-comp-NUM	0.0
ADV-comp-PART	0.4999999999999878
ADV-comp-PRON	1.0753416751781775
ADV-comp-PROPN	22.164233576642257
ADV-comp-SCONJ	8.01484353182434
ADV-comp-SYM	0.0
ADV-comp-VERB	1.1265211052463393
ADV-comp-X	0.0
ADV-comp:aux-AUX	0.0
ADV-comp:aux-VERB	0.0
ADV-comp:cleft-ADV	0.0
ADV-comp:cleft-AUX	0.0
ADV-comp:cleft-NOUN	0.0
ADV-comp:cleft-PRON	0.0
ADV-comp:cleft-PROPN	0.0
ADV-comp:cleft-VERB	0.0
ADV-comp:m-ADJ	0.0
ADV-comp:m-VERB	0.0
ADV-comp:obj-ADJ	129.50000000000006
ADV-comp:obj-ADP	8.072194477085791
ADV-comp:obj-ADV	1.6709321918120144
ADV-comp:obj-AUX	0.49999999999998856
ADV-comp:obj-CCONJ	10970.000000000024
ADV-comp:obj-DET	0.0
ADV-comp:obj-INTJ	0.0
ADV-comp:obj-NOUN	1.0632261130598717
ADV-comp:obj-NUM	0.0
ADV-comp:obj-PART	0.0
ADV-comp:obj-PRON	1.8661365538240127
ADV-comp:obj-PROPN	53.5
ADV-comp:obj-SCONJ	0.5
ADV-comp:obj-SYM	0.0
ADV-comp:obj-VERB	0.9604245092436761
ADV-comp:obj-X	0.0
ADV-comp:obl-ADJ	0.0
ADV-comp:obl-ADP	0.49999999999999944
ADV-comp:obl-ADV	0.0
ADV-comp:obl-AUX	0.0
ADV-comp:obl-CCONJ	0.0
ADV-comp:obl-DET	0.0
ADV-comp:obl-INTJ	0.0
ADV-comp:obl-NOUN	1.1712922123597815
ADV-comp:obl-NUM	0.0
ADV-comp:obl-PART	0.0
ADV-comp:obl-PRON	1.049860162303425
ADV-comp:obl-PROPN	0.0
ADV-comp:obl-SCONJ	10.019096780755786
ADV-comp:obl-VERB	4.795293369250224
ADV-comp:obl-X	0.0
ADV-comp:pred-ADJ	0.0
ADV-comp:pred-ADP	0.0
ADV-comp:pred-ADV	0.0
ADV-comp:pred-AUX	0.0
ADV-comp:pred-CCONJ	0.0
ADV-comp:pred-DET	0.0
ADV-comp:pred-NOUN	5.1999999999999975
ADV-comp:pred-NUM	0.0
ADV-comp:pred-PART	0.0
ADV-comp:pred-PRON	0.0
ADV-comp:pred-PROPN	0.0
ADV-comp:pred-SCONJ	10970.000000000024
ADV-comp:pred-VERB	0.0
ADV-comp:pred-X	0.0
ADV-det-ADP	0.0
ADV-det-ADV	10970.000000000024
ADV-det-AUX	0.0
ADV-det-DET	4.286455476592493
ADV-det-NUM	0.0
ADV-det-PART	0.0
ADV-det-PRON	0.0
ADV-det-SCONJ	0.0
ADV-dislocated-ADJ	0.0
ADV-dislocated-ADP	0.0
ADV-dislocated-ADV	0.0
ADV-dislocated-AUX	0.0
ADV-dislocated-CCONJ	0.0
ADV-dislocated-DET	0.0
ADV-dislocated-NOUN	10970.000000000024
ADV-dislocated-NUM	0.0
ADV-dislocated-PART	0.0
ADV-dislocated-PRON	0.0
ADV-dislocated-PROPN	0.0
ADV-dislocated-SCONJ	0.0
ADV-dislocated-VERB	0.0
ADV-mod-ADJ	2.236203615526103
ADV-mod-ADP	1.581485015187919
ADV-mod-ADV	2.690390793519671
ADV-mod-AUX	5.387323971152598
ADV-mod-CCONJ	6.590018215847202
ADV-mod-DET	1.8580441640378547
ADV-mod-INTJ	0.0
ADV-mod-NOUN	1.747547072379515
ADV-mod-NUM	3.4115677943791227
ADV-mod-PART	3.326061592460122
ADV-mod-PRON	3.737428573635699
ADV-mod-PROPN	169.13636363635982
ADV-mod-SCONJ	0.7820353672925587
ADV-mod-SYM	0.0
ADV-mod-VERB	1.367039842939539
ADV-mod-X	0.4999999999999995
ADV-mod:emph-ADV	0.0
ADV-mod:emph-PART	0.0
ADV-mod:m-ADJ	0.0
ADV-mod:m-ADV	0.0
ADV-mod:m-VERB	0.0
ADV-mod:periph$cond-SCONJ	0.0
ADV-mod:periph-ADP	0.0
ADV-mod:periph-ADV	0.0
ADV-subj-ADJ	0.5
ADV-subj-ADP	10970.000000000024
ADV-subj-ADV	0.0
ADV-subj-AUX	0.0
ADV-subj-CCONJ	0.0
ADV-subj-DET	30.500000000000004
ADV-subj-INTJ	0.0
ADV-subj-NOUN	1.50643658865788
ADV-subj-NUM	0.0
ADV-subj-PART	10970.000000000024
ADV-subj-PRON	2.5965464053258898
ADV-subj-PROPN	3.6666666666666665
ADV-subj-SCONJ	0.0
ADV-subj-SYM	0.0
ADV-subj-VERB	2.2341842678417665
ADV-subj-X	0.0
ADV-udep-ADJ	1.3493150684931505
ADV-udep-ADP	1.0974470610070752
ADV-udep-ADV	2.2124227865477004
ADV-udep-AUX	0.0
ADV-udep-CCONJ	0.5000000000000333
ADV-udep-DET	4.248632730332352
ADV-udep-INTJ	0.0
ADV-udep-NOUN	1.170250194400379
ADV-udep-NUM	0.0
ADV-udep-PART	0.5
ADV-udep-PRON	2.877141841460617
ADV-udep-PROPN	2.018518518518519
ADV-udep-SCONJ	0.9989160270974317
ADV-udep-SYM	0.0
ADV-udep-VERB	0.0
ADV-udep-X	0.0
AUX-comp-ADJ	1.3816418664547572
AUX-comp-ADP	1.8400996213775767
AUX-comp-ADV	1.027707261247918
AUX-comp-AUX	1.1825426067222495
AUX-comp-CCONJ	1.3893171806167404
AUX-comp-DET	0.9184090096792092
AUX-comp-INTJ	0.0
AUX-comp-NOUN	1.1694723142739447
AUX-comp-NUM	0.7016074871444291
AUX-comp-PART	0.9769512544363834
AUX-comp-PRON	1.3234784578389949
AUX-comp-PROPN	1.1397284583671579
AUX-comp-PUNCT	0.0
AUX-comp-SCONJ	0.7510935819035622
AUX-comp-SYM	0.5
AUX-comp-VERB	1.2557623783821183
AUX-comp-X	0.5
AUX-comp:aff-AUX	0.0
AUX-comp:aff-VERB	0.0
AUX-comp:aux-ADJ	1.171114885263509
AUX-comp:aux-ADP	2.874846732673067
AUX-comp:aux-ADV	3.7497850953102825
AUX-comp:aux-AUX	1.6974812796848826
AUX-comp:aux-CCONJ	0.0
AUX-comp:aux-DET	2.4999999999999996
AUX-comp:aux-INTJ	0.0
AUX-comp:aux-NOUN	1.6374608631224938
AUX-comp:aux-NUM	10970.000000000024
AUX-comp:aux-PART	1.2912998323606595
AUX-comp:aux-PRON	4.755584726442168
AUX-comp:aux-PROPN	36.25
AUX-comp:aux-PUNCT	0.0
AUX-comp:aux-SCONJ	3.423779528144916
AUX-comp:aux-SYM	0.0
AUX-comp:aux-VERB	1.2600030561265716
AUX-comp:aux-X	0.0
AUX-comp:cleft-AUX	0.0
AUX-comp:cleft-PRON	0.0
AUX-comp:cleft-SCONJ	0.0
AUX-comp:cleft-VERB	0.0
AUX-comp:obj-ADJ	0.0
AUX-comp:obj-ADP	0.5
AUX-comp:obj-ADV	0.0
AUX-comp:obj-AUX	0.0
AUX-comp:obj-CCONJ	0.0
AUX-comp:obj-DET	0.5
AUX-comp:obj-INTJ	0.0
AUX-comp:obj-NOUN	0.4999999999999997
AUX-comp:obj-NUM	0.0
AUX-comp:obj-PART	0.0
AUX-comp:obj-PRON	1.329622897907754
AUX-comp:obj-PROPN	0.5
AUX-comp:obj-SCONJ	0.0
AUX-comp:obj-SYM	0.0
AUX-comp:obj-VERB	0.0
AUX-comp:obj-X	0.0
AUX-comp:obl-ADJ	0.0
AUX-comp:obl-ADP	1.287627654228453
AUX-comp:obl-ADV	0.0
AUX-comp:obl-AUX	0.5
AUX-comp:obl-CCONJ	0.0
AUX-comp:obl-DET	0.0
AUX-comp:obl-NOUN	0.5
AUX-comp:obl-NUM	0.0
AUX-comp:obl-PART	0.5
AUX-comp:obl-PRON	1.1196369269669424
AUX-comp:obl-PROPN	0.0
AUX-comp:obl-SCONJ	0.49999999999999956
AUX-comp:obl-VERB	0.4999999999999993
AUX-comp:obl-X	0.0
AUX-comp:pred-ADJ	1.3157834878500712
AUX-comp:pred-ADP	2.0384526537609706
AUX-comp:pred-ADV	0.9102622055538107
AUX-comp:pred-AUX	1.6713651446923696
AUX-comp:pred-CCONJ	5.875000000000001
AUX-comp:pred-DET	0.8668814148373573
AUX-comp:pred-INTJ	0.0
AUX-comp:pred-NOUN	1.1731277427398241
AUX-comp:pred-NUM	0.5318569151169967
AUX-comp:pred-PART	1.8545203714245266
AUX-comp:pred-PRON	1.5106846169612902
AUX-comp:pred-PROPN	1.2399748677867335
AUX-comp:pred-SCONJ	1.093134568060055
AUX-comp:pred-SYM	0.5
AUX-comp:pred-VERB	0.9020384050100784
AUX-comp:pred-X	0.5
AUX-det-ADJ	0.0
AUX-det-ADP	0.0
AUX-det-AUX	0.0
AUX-det-DET	0.0
AUX-det-PRON	0.0
AUX-det-VERB	0.0
AUX-dislocated-ADJ	0.0
AUX-dislocated-ADP	0.0
AUX-dislocated-ADV	0.0
AUX-dislocated-AUX	0.0
AUX-dislocated-CCONJ	10970.000000000024
AUX-dislocated-DET	6.8999999999999995
AUX-dislocated-INTJ	0.0
AUX-dislocated-NOUN	6.036358925810865
AUX-dislocated-NUM	0.0
AUX-dislocated-PART	0.0
AUX-dislocated-PRON	6.150161898965306
AUX-dislocated-PROPN	18.37417218543046
AUX-dislocated-SCONJ	0.5
AUX-dislocated-SYM	0.0
AUX-dislocated-VERB	0.0
AUX-dislocated-X	0.0
AUX-dislocated:obj-NOUN	0.0
AUX-dislocated:subj-NOUN	0.0
AUX-mod-ADJ	0.7207481994477332
AUX-mod-ADP	0.899811377056485
AUX-mod-ADV	1.0673184202961379
AUX-mod-AUX	0.7236472105310727
AUX-mod-CCONJ	1.0763780476464462
AUX-mod-DET	0.5
AUX-mod-INTJ	0.0
AUX-mod-NOUN	1.0881206283147618
AUX-mod-NUM	0.5
AUX-mod-PART	1.6677055196676573
AUX-mod-PRON	0.8860757727805414
AUX-mod-PROPN	1.0259567390890032
AUX-mod-SCONJ	0.5900078028164277
AUX-mod-SYM	0.0
AUX-mod-VERB	0.5447083176630843
AUX-mod-X	7.25
AUX-mod:emph-ADP	0.0
AUX-mod:emph-ADV	0.0
AUX-mod:emph-PART	0.0
AUX-mod:periph$concess-SCONJ	0.0
AUX-mod:periph$cond-ADP	0.0
AUX-mod:periph$cond-CCONJ	0.0
AUX-mod:periph$cond-PART	0.0
AUX-mod:periph$cond-PRON	0.0
AUX-mod:periph$cond-SCONJ	10970.000000000024
AUX-mod:periph$manner-ADP	0.0
AUX-mod:periph$purp-ADP	0.0
AUX-mod:periph$reason-ADP	0.0
AUX-mod:periph$reason-SCONJ	0.0
AUX-mod:periph$tempa-ADP	0.0
AUX-mod:periph$tempb-ADP	0.0
AUX-mod:periph$tempb-ADV	0.0
AUX-mod:periph$tempo-ADP	10970.000000000024
AUX-mod:periph$tempo-ADV	10970.000000000024
AUX-mod:periph$tempo-NOUN	0.0
AUX-mod:periph$tempo-SCONJ	0.0
AUX-mod:periph-ADJ	0.0
AUX-mod:periph-ADP	117.5
AUX-mod:periph-ADV	10970.000000000024
AUX-mod:periph-AUX	0.0
AUX-mod:periph-CCONJ	0.0
AUX-mod:periph-NOUN	10970.000000000024
AUX-mod:periph-NUM	0.0
AUX-mod:periph-PART	0.0
AUX-mod:periph-PRON	0.0
AUX-mod:periph-PROPN	0.0
AUX-mod:periph-SCONJ	0.0
AUX-mod:periph-VERB	0.0
AUX-mod:periph-X	0.0
AUX-subj-ADJ	1.5955518577331669
AUX-subj-ADP	2.4650126559051624
AUX-subj-ADV	4.540540540540542
AUX-subj-AUX	0.84146196171535
AUX-subj-CCONJ	29.000000000000114
AUX-subj-DET	2.3633238369632745
AUX-subj-INTJ	0.0
AUX-subj-NOUN	1.7756763539620075
AUX-subj-NUM	1.4549316042449592
AUX-subj-PART	1.5538883423064598
AUX-subj-PRON	3.421862052004249
AUX-subj-PROPN	1.9319989178156631
AUX-subj-SCONJ	0.827583974648719
AUX-subj-SYM	2.0983228481854987
AUX-subj-VERB	0.8747620253423323
AUX-subj-X	0.6484061549314404
AUX-subj:aff-PRON	0.0
AUX-udep-ADJ	3.0454545454545454
AUX-udep-ADP	6.580003875377523
AUX-udep-ADV	9.149570465834698
AUX-udep-AUX	0.0
AUX-udep-CCONJ	2.7363636363636363
AUX-udep-DET	5.77098604871128
AUX-udep-INTJ	0.0
AUX-udep-NOUN	10.831795125576146
AUX-udep-NUM	3.399369702238644
AUX-udep-PART	0.5
AUX-udep-PRON	18.45191715081585
AUX-udep-PROPN	255.5
AUX-udep-SCONJ	6.375000000000002
AUX-udep-SYM	0.0
AUX-udep-VERB	10970.000000000024
AUX-udep-X	0.0
CCONJ-comp-ADJ	0.9429250062045746
CCONJ-comp-ADP	0.49999999999999806
CCONJ-comp-ADV	3.8116057233704295
CCONJ-comp-AUX	2.090076957752325
CCONJ-comp-CCONJ	2.305555555555555
CCONJ-comp-DET	0.0
CCONJ-comp-INTJ	0.0
CCONJ-comp-NOUN	2.720095650764453
CCONJ-comp-NUM	0.0
CCONJ-comp-PART	0.0
CCONJ-comp-PRON	35.01403887688977
CCONJ-comp-PROPN	40.099999999999994
CCONJ-comp-SCONJ	12.166666666666687
CCONJ-comp-SYM	0.0
CCONJ-comp-VERB	2.4202099235145687
CCONJ-comp-X	0.5
CCONJ-comp:m-CCONJ	0.0
CCONJ-comp:obj-ADJ	0.9381605981083049
CCONJ-comp:obj-ADP	0.5000000000000019
CCONJ-comp:obj-ADV	2.374403815580286
CCONJ-comp:obj-AUX	2.074371957596322
CCONJ-comp:obj-CCONJ	2.305555555555555
CCONJ-comp:obj-DET	0.0
CCONJ-comp:obj-INTJ	0.0
CCONJ-comp:obj-NOUN	2.768194613751697
CCONJ-comp:obj-NUM	0.0
CCONJ-comp:obj-PART	0.0
CCONJ-comp:obj-PRON	35.01403887688977
CCONJ-comp:obj-PROPN	40.099999999999994
CCONJ-comp:obj-SCONJ	0.0
CCONJ-comp:obj-SYM	0.0
CCONJ-comp:obj-VERB	1.7517761438506
CCONJ-comp:obj-X	0.5
CCONJ-comp:obl-ADJ	0.0
CCONJ-comp:obl-ADP	0.0
CCONJ-comp:obl-ADV	10970.000000000024
CCONJ-comp:obl-AUX	0.0
CCONJ-comp:obl-CCONJ	0.0
CCONJ-comp:obl-DET	0.0
CCONJ-comp:obl-NOUN	0.0
CCONJ-comp:obl-PART	0.0
CCONJ-comp:obl-PRON	0.0
CCONJ-comp:obl-PROPN	0.0
CCONJ-comp:obl-SCONJ	8.666666666666666
CCONJ-comp:obl-VERB	10970.000000000024
CCONJ-comp:obl-X	0.0
CCONJ-comp:pred-ADJ	0.0
CCONJ-comp:pred-ADP	0.0
CCONJ-comp:pred-ADV	0.0
CCONJ-comp:pred-AUX	0.0
CCONJ-comp:pred-CCONJ	0.0
CCONJ-comp:pred-DET	0.0
CCONJ-comp:pred-NOUN	0.0
CCONJ-comp:pred-NUM	0.0
CCONJ-comp:pred-PRON	0.0
CCONJ-comp:pred-PROPN	0.0
CCONJ-comp:pred-SCONJ	10970.000000000024
CCONJ-comp:pred-VERB	0.0
CCONJ-det-ADP	0.0
CCONJ-det-DET	10970.000000000024
CCONJ-det-PRON	0.0
CCONJ-dislocated-ADJ	0.0
CCONJ-dislocated-ADP	0.0
CCONJ-dislocated-ADV	0.0
CCONJ-dislocated-AUX	0.0
CCONJ-dislocated-CCONJ	0.0
CCONJ-dislocated-NOUN	10970.000000000024
CCONJ-dislocated-NUM	0.0
CCONJ-dislocated-PRON	10970.000000000024
CCONJ-dislocated-PROPN	10970.000000000024
CCONJ-dislocated-SCONJ	0.0
CCONJ-dislocated-VERB	0.0
CCONJ-mod-ADJ	25.5
CCONJ-mod-ADP	0.5
CCONJ-mod-ADV	2.744037677159922
CCONJ-mod-AUX	0.0
CCONJ-mod-CCONJ	10970.000000000024
CCONJ-mod-DET	0.0
CCONJ-mod-NOUN	6.083333333333331
CCONJ-mod-NUM	10970.000000000024
CCONJ-mod-PART	0.0
CCONJ-mod-PRON	0.0
CCONJ-mod-PROPN	10970.000000000024
CCONJ-mod-SCONJ	0.5
CCONJ-mod-SYM	0.0
CCONJ-mod-VERB	30.49999999999966
CCONJ-mod-X	0.0
CCONJ-mod:emph-PART	0.0
CCONJ-subj-ADJ	0.0
CCONJ-subj-ADP	0.0
CCONJ-subj-AUX	0.0
CCONJ-subj-CCONJ	10970.000000000024
CCONJ-subj-DET	0.0
CCONJ-subj-NOUN	2.1
CCONJ-subj-NUM	0.0
CCONJ-subj-PART	0.0
CCONJ-subj-PRON	0.0
CCONJ-subj-PROPN	10970.000000000024
CCONJ-subj-SCONJ	0.0
CCONJ-subj-VERB	0.0
CCONJ-subj-X	0.0
CCONJ-udep-ADJ	0.0
CCONJ-udep-ADP	0.7518295857523158
CCONJ-udep-ADV	10970.000000000024
CCONJ-udep-AUX	0.0
CCONJ-udep-CCONJ	0.0
CCONJ-udep-DET	0.0
CCONJ-udep-INTJ	0.0
CCONJ-udep-NOUN	15.625000000000002
CCONJ-udep-NUM	0.0
CCONJ-udep-PART	0.0
CCONJ-udep-PRON	0.0
CCONJ-udep-PROPN	0.0
CCONJ-udep-SCONJ	0.0
CCONJ-udep-VERB	0.0
DET-clf-DET	0.0
DET-clf-NOUN	0.0
DET-clf-PART	0.0
DET-comp-ADJ	0.5
DET-comp-ADP	0.5
DET-comp-ADV	0.0
DET-comp-AUX	0.0
DET-comp-CCONJ	0.0
DET-comp-DET	0.5
DET-comp-NOUN	0.5
DET-comp-NUM	0.0
DET-comp-PART	0.5
DET-comp-PRON	0.9318181818181821
DET-comp-PROPN	0.0
DET-comp-PUNCT	0.0
DET-comp-SCONJ	0.4999999999999981
DET-comp-VERB	0.0
DET-comp-X	0.0
DET-comp:aux-ADP	0.0
DET-comp:aux-PRON	0.0
DET-comp:aux-SCONJ	0.0
DET-comp:aux-VERB	0.0
DET-comp:cleft-AUX	0.0
DET-comp:m-NUM	0.0
DET-comp:m-VERB	0.0
DET-comp:obj-ADJ	0.0
DET-comp:obj-ADP	0.0
DET-comp:obj-ADV	0.0
DET-comp:obj-AUX	0.0
DET-comp:obj-CCONJ	0.0
DET-comp:obj-DET	0.0
DET-comp:obj-NOUN	0.0
DET-comp:obj-NUM	0.0
DET-comp:obj-PART	0.0
DET-comp:obj-PRON	0.0
DET-comp:obj-PROPN	0.0
DET-comp:obj-PUNCT	0.0
DET-comp:obj-SCONJ	0.0
DET-comp:obj-VERB	0.0
DET-comp:obj-X	0.0
DET-comp:obl-ADJ	0.0
DET-comp:obl-ADP	0.0
DET-comp:obl-ADV	0.0
DET-comp:obl-AUX	0.0
DET-comp:obl-CCONJ	0.0
DET-comp:obl-DET	0.0
DET-comp:obl-NOUN	0.0
DET-comp:obl-PART	0.5
DET-comp:obl-PRON	0.0
DET-comp:obl-PROPN	0.0
DET-comp:obl-SCONJ	0.5
DET-comp:obl-VERB	0.0
DET-comp:pred-ADJ	0.5
DET-comp:pred-ADP	0.0
DET-comp:pred-ADV	0.0
DET-comp:pred-AUX	0.0
DET-comp:pred-DET	0.5
DET-comp:pred-NOUN	0.5
DET-comp:pred-NUM	0.0
DET-comp:pred-PART	0.0
DET-comp:pred-PRON	0.0
DET-comp:pred-PROPN	0.0
DET-comp:pred-SCONJ	0.5
DET-comp:pred-VERB	0.0
DET-det-ADJ	0.0
DET-det-ADP	0.0
DET-det-AUX	0.0
DET-det-DET	0.8553826011565497
DET-det-NUM	0.0
DET-det-PART	0.0
DET-det-PRON	0.5
DET-det-PUNCT	0.0
DET-det-SCONJ	0.0
DET-dislocated-ADP	0.0
DET-dislocated-AUX	0.0
DET-dislocated-DET	0.0
DET-dislocated-NOUN	0.0
DET-dislocated-PRON	0.0
DET-dislocated-PROPN	0.0
DET-dislocated-X	0.0
DET-mod-ADJ	5.3952232657937715
DET-mod-ADP	0.0
DET-mod-ADV	3.2844115378335155
DET-mod-AUX	0.49999999999999917
DET-mod-CCONJ	40.04950115118956
DET-mod-DET	1.7281700498843713
DET-mod-INTJ	0.0
DET-mod-NOUN	1.7434844330812753
DET-mod-NUM	0.966229797161789
DET-mod-PART	3.013830973350897
DET-mod-PRON	0.5
DET-mod-PROPN	0.5
DET-mod-PUNCT	0.0
DET-mod-SCONJ	0.49999999999999967
DET-mod-SYM	0.0
DET-mod-VERB	0.5000000000000056
DET-mod-X	0.0
DET-mod:emph-PART	0.0
DET-mod:m-DET	0.0
DET-subj-ADJ	0.0
DET-subj-ADP	0.0
DET-subj-ADV	0.0
DET-subj-AUX	0.0
DET-subj-DET	0.0
DET-subj-NOUN	0.8486842105263159
DET-subj-PART	0.0
DET-subj-PRON	5.642857142857143
DET-subj-PROPN	0.0
DET-subj-SCONJ	0.0
DET-subj-VERB	0.0
DET-subj-X	0.0
DET-udep-ADJ	0.0
DET-udep-ADP	1.061834516356141
DET-udep-ADV	4.875
DET-udep-AUX	0.0
DET-udep-CCONJ	0.0
DET-udep-DET	0.5
DET-udep-NOUN	1.8951395139513953
DET-udep-NUM	0.0
DET-udep-PART	0.5
DET-udep-PRON	0.59
DET-udep-PROPN	0.0
DET-udep-SCONJ	0.4999999999999785
DET-udep-SYM	0.0
DET-udep-VERB	0.0
DET-udep-X	0.0
INTJ-comp-ADJ	0.0
INTJ-comp-ADP	0.0
INTJ-comp-AUX	0.5
INTJ-comp-CCONJ	0.0
INTJ-comp-DET	0.0
INTJ-comp-INTJ	0.0
INTJ-comp-NOUN	0.5
INTJ-comp-PART	0.0
INTJ-comp-PRON	0.0
INTJ-comp-PROPN	0.0
INTJ-comp-SCONJ	0.0
INTJ-comp-VERB	0.0
INTJ-comp-X	0.0
INTJ-comp:obj-ADJ	0.0
INTJ-comp:obj-ADP	0.0
INTJ-comp:obj-AUX	0.0
INTJ-comp:obj-CCONJ	0.0
INTJ-comp:obj-DET	0.0
INTJ-comp:obj-INTJ	0.0
INTJ-comp:obj-NOUN	0.5
INTJ-comp:obj-PART	0.0
INTJ-comp:obj-PRON	0.0
INTJ-comp:obj-PROPN	0.0
INTJ-comp:obj-SCONJ	0.0
INTJ-comp:obj-VERB	0.0
INTJ-comp:obj-X	0.0
INTJ-comp:obl-ADJ	0.0
INTJ-comp:obl-ADP	0.0
INTJ-comp:obl-AUX	0.5
INTJ-comp:obl-INTJ	0.0
INTJ-comp:obl-NOUN	0.0
INTJ-comp:obl-PART	0.0
INTJ-comp:obl-PRON	0.0
INTJ-comp:obl-PROPN	0.0
INTJ-comp:obl-SCONJ	0.0
INTJ-comp:obl-VERB	0.0
INTJ-comp:pred-ADJ	0.0
INTJ-comp:pred-ADP	0.0
INTJ-comp:pred-INTJ	0.0
INTJ-comp:pred-NOUN	0.0
INTJ-comp:pred-PRON	0.0
INTJ-comp:pred-PROPN	0.0
INTJ-det-ADP	0.0
INTJ-det-DET	0.0
INTJ-det-PRON	0.0
INTJ-dislocated-INTJ	0.0
INTJ-dislocated-NOUN	0.0
INTJ-dislocated-PRON	0.0
INTJ-dislocated-PROPN	0.0
INTJ-mod-ADJ	0.0
INTJ-mod-ADP	0.0
INTJ-mod-ADV	0.5
INTJ-mod-AUX	0.0
INTJ-mod-CCONJ	0.0
INTJ-mod-INTJ	0.0
INTJ-mod-NOUN	0.0
INTJ-mod-NUM	0.0
INTJ-mod-PART	0.0
INTJ-mod-PRON	0.0
INTJ-mod-PROPN	0.0
INTJ-mod-SCONJ	0.0
INTJ-mod-SYM	0.0
INTJ-mod-VERB	0.0
INTJ-mod-X	0.0
INTJ-mod:emph-ADV	0.0
INTJ-mod:emph-PART	0.0
INTJ-mod:periph$cond-SCONJ	0.0
INTJ-mod:periph$tempo-ADP	0.0
INTJ-mod:periph-ADP	0.0
INTJ-mod:periph-NOUN	0.0
INTJ-subj-ADJ	0.0
INTJ-subj-ADP	0.0
INTJ-subj-NOUN	0.0
INTJ-subj-PRON	0.0
INTJ-subj-PROPN	0.0
INTJ-subj-VERB	0.0
INTJ-subj-X	0.0
INTJ-udep-ADP	0.5
INTJ-udep-DET	0.0
INTJ-udep-INTJ	0.0
INTJ-udep-NOUN	0.0
INTJ-udep-NUM	0.0
INTJ-udep-PART	0.0
INTJ-udep-PRON	0.0
INTJ-udep-PROPN	0.0
INTJ-udep-SCONJ	0.0
NOUN-any-NUM	3.9782232880020243
NOUN-any-[Poss=Yes]	5.0790933799555615
NOUN-any[PronType=Dem]	8.287432161210354
NOUN-clf-ADJ	0.0
NOUN-clf-ADP	0.0
NOUN-clf-DET	0.0
NOUN-clf-NOUN	19.67551636524987
NOUN-clf-NUM	0.0
NOUN-clf-PART	0.0
NOUN-clf-PRON	0.0
NOUN-clf-PROPN	0.0
NOUN-clf-SYM	0.0
NOUN-clf-VERB	0.0
NOUN-clf-X	0.0
NOUN-comp-ADJ	0.9251593185558529
NOUN-comp-ADP	1.0468163065866727
NOUN-comp-ADV	0.5
NOUN-comp-AUX	0.5000000000000006
NOUN-comp-CCONJ	0.0
NOUN-comp-DET	1.886986301369863
NOUN-comp-INTJ	0.0
NOUN-comp-NOUN	1.163866259800483
NOUN-comp-NUM	0.0
NOUN-comp-PART	0.49999999999999817
NOUN-comp-PRON	1.5197750518827782
NOUN-comp-PROPN	3.209636497811223
NOUN-comp-PUNCT	0.0
NOUN-comp-SCONJ	1.6993557288689163
NOUN-comp-SYM	0.0
NOUN-comp-VERB	2.360879785584489
NOUN-comp-X	0.0
NOUN-comp:aff-DET	0.0
NOUN-comp:aux-AUX	0.0
NOUN-comp:cleft-AUX	0.0
NOUN-comp:cleft-SCONJ	0.0
NOUN-comp:cleft-VERB	0.0
NOUN-comp:m-NOUN	0.0
NOUN-comp:m-NUM	0.0
NOUN-comp:m-VERB	0.0
NOUN-comp:obj-ADJ	15.5
NOUN-comp:obj-ADP	11.336767139387218
NOUN-comp:obj-ADV	0.5
NOUN-comp:obj-AUX	0.5000000000000004
NOUN-comp:obj-CCONJ	0.0
NOUN-comp:obj-DET	10970.000000000024
NOUN-comp:obj-INTJ	0.0
NOUN-comp:obj-NOUN	1.9772098813067838
NOUN-comp:obj-NUM	0.0
NOUN-comp:obj-PART	0.5
NOUN-comp:obj-PRON	2.195729171300869
NOUN-comp:obj-PROPN	12.776923076923081
NOUN-comp:obj-SCONJ	0.5
NOUN-comp:obj-SYM	0.0
NOUN-comp:obj-VERB	1.3939073159256645
NOUN-comp:obj-X	0.0
NOUN-comp:obl-ADJ	15.25
NOUN-comp:obl-ADP	0.500000000000001
NOUN-comp:obl-ADV	0.5
NOUN-comp:obl-AUX	0.5
NOUN-comp:obl-CCONJ	0.0
NOUN-comp:obl-DET	0.0
NOUN-comp:obl-INTJ	0.0
NOUN-comp:obl-NOUN	1.0467878978791743
NOUN-comp:obl-NUM	0.0
NOUN-comp:obl-PART	0.5
NOUN-comp:obl-PRON	1.3805861008424987
NOUN-comp:obl-PROPN	0.5
NOUN-comp:obl-PUNCT	0.0
NOUN-comp:obl-SCONJ	2.3053597780541204
NOUN-comp:obl-VERB	3.5568301171489938
NOUN-comp:obl-X	0.0
NOUN-comp:pred-ADJ	1.063313730389543
NOUN-comp:pred-ADP	0.5000000000000034
NOUN-comp:pred-ADV	0.0
NOUN-comp:pred-AUX	0.5
NOUN-comp:pred-CCONJ	0.0
NOUN-comp:pred-DET	0.5
NOUN-comp:pred-INTJ	0.0
NOUN-comp:pred-NOUN	10.233842306173528
NOUN-comp:pred-NUM	0.0
NOUN-comp:pred-PART	0.5
NOUN-comp:pred-PRON	0.0
NOUN-comp:pred-PROPN	0.0
NOUN-comp:pred-SCONJ	3.8547963206307476
NOUN-comp:pred-VERB	0.5
NOUN-comp:pred-X	0.0
NOUN-det-ADJ	0.0
NOUN-det-ADP	0.8716980478303313
NOUN-det-ADV	10970.000000000024
NOUN-det-AUX	0.0
NOUN-det-CCONJ	0.0
NOUN-det-DET	8.08169311932448
NOUN-det-INTJ	0.0
NOUN-det-NOUN	0.0
NOUN-det-NUM	472.8034547152194
NOUN-det-PART	10970.000000000024
NOUN-det-PRON	4.731309439866101
NOUN-det-PROPN	0.0
NOUN-det-PUNCT	0.0
NOUN-det-SCONJ	10970.000000000024
NOUN-det-VERB	0.0
NOUN-det-X	0.0
NOUN-det:num-NUM	10970.000000000024
NOUN-dislocated-ADJ	0.0
NOUN-dislocated-ADP	0.5
NOUN-dislocated-ADV	0.0
NOUN-dislocated-AUX	0.0
NOUN-dislocated-CCONJ	0.0
NOUN-dislocated-DET	0.0
NOUN-dislocated-NOUN	10970.000000000024
NOUN-dislocated-NUM	0.0
NOUN-dislocated-PART	0.0
NOUN-dislocated-PRON	0.0
NOUN-dislocated-PROPN	0.0
NOUN-dislocated-SCONJ	0.0
NOUN-dislocated-VERB	0.0
NOUN-dislocated-X	0.0
NOUN-mod-ADJ	4.185246497569066
NOUN-mod-ADP	0.8553005253380895
NOUN-mod-ADV	1.308375432743995
NOUN-mod-AUX	1.7283033461563342
NOUN-mod-CCONJ	2.1418339832789335
NOUN-mod-DET	2.8659838153470343
NOUN-mod-INTJ	0.5
NOUN-mod-NOUN	2.4973897804412495
NOUN-mod-NUM	3.220629913576634
NOUN-mod-PART	2.679341452895515
NOUN-mod-PRON	3.1273789241103915
NOUN-mod-PROPN	3.2616063767030057
NOUN-mod-PUNCT	0.0
NOUN-mod-SCONJ	1.132789719303441
NOUN-mod-SYM	1.569370095148157
NOUN-mod-VERB	1.5349520238253718
NOUN-mod-X	1.2701285994584106
NOUN-mod:appos-NOUN	0.0
NOUN-mod:appos-PROPN	0.0
NOUN-mod:emph-ADJ	0.0
NOUN-mod:emph-ADP	0.0
NOUN-mod:emph-ADV	0.5
NOUN-mod:emph-PART	0.0
NOUN-mod:emph-PRON	0.0
NOUN-mod:emph-X	0.0
NOUN-mod:m-ADJ	10970.000000000024
NOUN-mod:m-ADP	0.0
NOUN-mod:m-ADV	0.0
NOUN-mod:m-NOUN	10970.000000000024
NOUN-mod:m-PART	0.0
NOUN-mod:m-VERB	10970.000000000024
NOUN-mod:num-NUM	0.5
NOUN-mod:periph$cond-SCONJ	0.0
NOUN-mod:periph$tempo-ADP	0.0
NOUN-mod:periph$tempo-ADV	0.0
NOUN-mod:periph-ADP	0.0
NOUN-mod:periph-ADV	0.0
NOUN-mod:periph-NOUN	0.0
NOUN-mod:periph-NUM	0.0
NOUN-mod:periph-X	0.0
NOUN-mod:poss-ADJ	0.0
NOUN-mod:poss-NOUN	0.0
NOUN-mod:poss-PART	0.0
NOUN-mod:poss-PRON	10970.000000000024
NOUN-mod:poss-PROPN	0.0
NOUN-mod:poss-X	0.0
NOUN-mod@relcl-VERB	4.2889522405243
NOUN-mod[gen]-ADPNOUN	2.14146866691242
NOUN-subj-ADJ	3.6880983046439475
NOUN-subj-ADP	5.61252091119618
NOUN-subj-ADV	0.0
NOUN-subj-AUX	0.0
NOUN-subj-CCONJ	0.0
NOUN-subj-DET	19.744988864142538
NOUN-subj-NOUN	2.0434294929088934
NOUN-subj-NUM	12.099999999999998
NOUN-subj-PART	27.825448613376857
NOUN-subj-PRON	9.272801670185897
NOUN-subj-PROPN	17.321284185451148
NOUN-subj-SCONJ	0.0
NOUN-subj-SYM	0.0
NOUN-subj-VERB	3.478004786504567
NOUN-subj-X	0.0
NOUN-udep-ADJ	2.300087731865968
NOUN-udep-ADP	1.828263588826588
NOUN-udep-ADV	2.4509631392633766
NOUN-udep-AUX	35.90976331360905
NOUN-udep-CCONJ	2.8552776643661817
NOUN-udep-DET	0.644736842105263
NOUN-udep-INTJ	0.0
NOUN-udep-NOUN	1.0803351871414175
NOUN-udep-NUM	1.5611702127659577
NOUN-udep-PART	6.887619650208127
NOUN-udep-PRON	2.0455639317581547
NOUN-udep-PROPN	1.7777981415820436
NOUN-udep-SCONJ	1.456003295981446
NOUN-udep-SYM	0.0
NOUN-udep-VERB	22.840976163450552
NOUN-udep-X	0.0
NUM-clf-NOUN	0.49999999999999484
NUM-clf-NUM	0.0
NUM-clf-PART	0.0
NUM-comp-ADJ	0.0
NUM-comp-ADP	0.5
NUM-comp-ADV	0.0
NUM-comp-AUX	0.0
NUM-comp-CCONJ	0.0
NUM-comp-DET	0.0
NUM-comp-NOUN	0.0
NUM-comp-NUM	0.4999999999999988
NUM-comp-PART	0.0
NUM-comp-PRON	0.0
NUM-comp-PROPN	0.0
NUM-comp-PUNCT	0.0
NUM-comp-SCONJ	0.0
NUM-comp-SYM	0.0
NUM-comp-VERB	0.5
NUM-comp:aux-SCONJ	0.0
NUM-comp:cleft-VERB	0.0
NUM-comp:m-NUM	0.5
NUM-comp:m-VERB	0.0
NUM-comp:obj-ADJ	0.0
NUM-comp:obj-ADP	0.5
NUM-comp:obj-ADV	0.0
NUM-comp:obj-AUX	0.0
NUM-comp:obj-CCONJ	0.0
NUM-comp:obj-NOUN	0.0
NUM-comp:obj-NUM	0.5
NUM-comp:obj-PRON	0.0
NUM-comp:obj-PROPN	0.0
NUM-comp:obj-PUNCT	0.0
NUM-comp:obj-SYM	0.0
NUM-comp:obj-VERB	0.0
NUM-comp:obl-ADP	0.0
NUM-comp:obl-ADV	0.0
NUM-comp:obl-AUX	0.0
NUM-comp:obl-CCONJ	0.0
NUM-comp:obl-DET	0.0
NUM-comp:obl-NOUN	0.0
NUM-comp:obl-NUM	0.0
NUM-comp:obl-PART	0.0
NUM-comp:obl-PRON	0.0
NUM-comp:obl-PROPN	0.0
NUM-comp:obl-SCONJ	0.0
NUM-comp:obl-VERB	0.5
NUM-comp:pred-ADJ	0.0
NUM-comp:pred-ADP	0.0
NUM-comp:pred-AUX	0.0
NUM-comp:pred-DET	0.0
NUM-comp:pred-NOUN	0.0
NUM-comp:pred-SCONJ	0.0
NUM-comp:pred-SYM	0.0
NUM-comp:pred-VERB	0.0
NUM-det-ADJ	0.0
NUM-det-ADP	0.0
NUM-det-ADV	0.0
NUM-det-AUX	0.0
NUM-det-CCONJ	0.0
NUM-det-DET	27.988542043829373
NUM-det-NOUN	0.0
NUM-det-NUM	0.0
NUM-det-PRON	0.0
NUM-det-PROPN	0.0
NUM-det-PUNCT	0.0
NUM-det-SCONJ	0.0
NUM-det-X	0.0
NUM-dislocated-ADJ	0.0
NUM-dislocated-ADP	0.0
NUM-dislocated-DET	0.0
NUM-dislocated-NOUN	0.0
NUM-dislocated-NUM	0.0
NUM-dislocated-PROPN	0.0
NUM-mod-ADJ	2.135662117763442
NUM-mod-ADP	0.5000000000000002
NUM-mod-ADV	6.135546225330545
NUM-mod-AUX	10970.000000000024
NUM-mod-CCONJ	6.5
NUM-mod-DET	146.50000000000003
NUM-mod-INTJ	0.0
NUM-mod-NOUN	1.5928405878907637
NUM-mod-NUM	1.8795825843824825
NUM-mod-PART	39.09991395611957
NUM-mod-PRON	7.96670815758137
NUM-mod-PROPN	1.7625820568927786
NUM-mod-SCONJ	0.0
NUM-mod-SYM	53.20588235294071
NUM-mod-VERB	4.040140081976226
NUM-mod-X	0.5
NUM-mod:appos-PROPN	0.0
NUM-mod:emph-ADV	0.0
NUM-mod:emph-PART	0.0
NUM-mod:m-NUM	0.0
NUM-mod:periph-ADV	0.0
NUM-subj-ADJ	0.0
NUM-subj-ADP	10970.000000000024
NUM-subj-ADV	0.0
NUM-subj-AUX	0.0
NUM-subj-CCONJ	0.0
NUM-subj-DET	0.0
NUM-subj-NOUN	3.885926198357239
NUM-subj-NUM	0.0
NUM-subj-PART	10970.000000000024
NUM-subj-PRON	5.357142857142857
NUM-subj-PROPN	0.0
NUM-subj-SCONJ	0.0
NUM-subj-SYM	0.0
NUM-subj-VERB	10970.000000000024
NUM-subj-X	0.0
NUM-udep-ADJ	0.0
NUM-udep-ADP	0.8433879604580844
NUM-udep-ADV	0.0
NUM-udep-AUX	0.0
NUM-udep-CCONJ	10970.000000000024
NUM-udep-DET	10970.000000000024
NUM-udep-NOUN	1.426802234545735
NUM-udep-NUM	0.0
NUM-udep-PART	10970.000000000024
NUM-udep-PRON	0.0
NUM-udep-PROPN	0.0
NUM-udep-PUNCT	0.0
NUM-udep-SCONJ	10970.000000000024
NUM-udep-SYM	0.0
NUM-udep-VERB	0.0
NUM-udep-X	0.0
PART-clf-NOUN	0.0
PART-comp-ADJ	2.202402531579154
PART-comp-ADP	11.89912206652037
PART-comp-ADV	2.2438518045352915
PART-comp-AUX	5.303146021187107
PART-comp-CCONJ	10970.000000000024
PART-comp-DET	10970.000000000024
PART-comp-INTJ	0.0
PART-comp-NOUN	3.698445944382176
PART-comp-NUM	23.0
PART-comp-PART	1.8226228081396902
PART-comp-PRON	2.29349248403638
PART-comp-PROPN	38.896300005941725
PART-comp-PUNCT	0.0
PART-comp-SCONJ	12.814315352697033
PART-comp-SYM	0.0
PART-comp-VERB	2.388336287578529
PART-comp-X	10970.000000000024
PART-comp:aux-ADJ	0.0
PART-comp:aux-ADV	0.0
PART-comp:aux-AUX	0.0
PART-comp:aux-PART	0.0
PART-comp:aux-VERB	188.50000000000006
PART-comp:cleft-ADJ	0.0
PART-comp:cleft-ADP	0.0
PART-comp:cleft-ADV	0.0
PART-comp:cleft-AUX	0.0
PART-comp:cleft-DET	0.0
PART-comp:cleft-NOUN	0.0
PART-comp:cleft-PART	0.0
PART-comp:cleft-PRON	0.0
PART-comp:cleft-SCONJ	0.0
PART-comp:cleft-VERB	0.0
PART-comp:cleft-X	0.0
PART-comp:loc-ADP	0.0
PART-comp:m-ADJ	0.0
PART-comp:m-PART	0.0
PART-comp:m-PRON	0.0
PART-comp:m-PROPN	0.0
PART-comp:obj-ADJ	2.209573979487359
PART-comp:obj-ADP	11.760923076923085
PART-comp:obj-ADV	2.243851804535292
PART-comp:obj-AUX	5.568787768026946
PART-comp:obj-CCONJ	10970.000000000024
PART-comp:obj-DET	10970.000000000024
PART-comp:obj-INTJ	0.0
PART-comp:obj-NOUN	3.618033255883241
PART-comp:obj-NUM	21.999999999999996
PART-comp:obj-PART	1.838120369173381
PART-comp:obj-PRON	2.1547984943191625
PART-comp:obj-PROPN	38.46688353604675
PART-comp:obj-PUNCT	0.0
PART-comp:obj-SCONJ	14.99450549450545
PART-comp:obj-SYM	0.0
PART-comp:obj-VERB	2.440765998324861
PART-comp:obj-X	10970.000000000024
PART-comp:obl-ADJ	0.0
PART-comp:obl-ADP	0.0
PART-comp:obl-ADV	0.0
PART-comp:obl-AUX	0.5
PART-comp:obl-CCONJ	0.0
PART-comp:obl-DET	0.0
PART-comp:obl-NOUN	0.0
PART-comp:obl-PART	0.0
PART-comp:obl-PRON	0.0
PART-comp:obl-PROPN	0.0
PART-comp:obl-SCONJ	0.0
PART-comp:obl-VERB	0.0
PART-comp:pred-ADJ	0.0
PART-comp:pred-ADP	0.0
PART-comp:pred-ADV	0.0
PART-comp:pred-AUX	0.0
PART-comp:pred-CCONJ	0.0
PART-comp:pred-DET	0.0
PART-comp:pred-INTJ	0.0
PART-comp:pred-NOUN	0.0
PART-comp:pred-NUM	0.0
PART-comp:pred-PART	0.0
PART-comp:pred-PRON	0.0
PART-comp:pred-PROPN	0.0
PART-comp:pred-SCONJ	0.0
PART-comp:pred-VERB	0.0
PART-comp:pred-X	0.0
PART-det-ADP	0.0
PART-det-DET	10970.000000000024
PART-det-PART	10970.000000000024
PART-det-PRON	0.0
PART-dislocated-ADJ	0.0
PART-dislocated-ADP	0.0
PART-dislocated-ADV	0.0
PART-dislocated-AUX	0.0
PART-dislocated-DET	0.0
PART-dislocated-INTJ	0.0
PART-dislocated-NOUN	26.0
PART-dislocated-NUM	0.0
PART-dislocated-PART	0.0
PART-dislocated-PRON	0.0
PART-dislocated-PROPN	0.0
PART-dislocated-VERB	0.0
PART-dislocated-X	0.0
PART-mod-ADJ	18.022318480882834
PART-mod-ADP	5.993847874720358
PART-mod-ADV	4.076013376126947
PART-mod-AUX	130.5
PART-mod-CCONJ	0.0
PART-mod-DET	0.0
PART-mod-NOUN	2.0980661465626502
PART-mod-NUM	16.249370277078086
PART-mod-PART	3.652821593287814
PART-mod-PRON	4.793759512937597
PART-mod-PROPN	10970.000000000024
PART-mod-SCONJ	2.5075479809107417
PART-mod-SYM	0.0
PART-mod-VERB	13.987629657009352
PART-mod-X	10970.000000000024
PART-mod:emph-ADP	0.0
PART-mod:emph-ADV	0.0
PART-mod:emph-PART	0.0
PART-mod:periph$concess-ADP	0.0
PART-mod:periph$cond-SCONJ	10970.000000000024
PART-mod:periph$manner-ADP	0.0
PART-mod:periph$purp-ADP	0.0
PART-mod:periph$reason-ADP	0.0
PART-mod:periph$reason-SCONJ	0.0
PART-mod:periph$tempa-ADP	0.0
PART-mod:periph$tempb-ADP	0.0
PART-mod:periph$tempo-ADP	0.0
PART-mod:periph$tempo-ADV	0.0
PART-mod:periph$tempo-SCONJ	0.0
PART-mod:periph-ADJ	0.0
PART-mod:periph-ADP	12.0
PART-mod:periph-ADV	31.5
PART-mod:periph-AUX	0.0
PART-mod:periph-NOUN	0.0
PART-mod:periph-NUM	0.0
PART-mod:periph-PART	0.0
PART-mod:periph-PROPN	0.0
PART-mod:periph-SCONJ	0.0
PART-mod:periph-VERB	0.0
PART-mod:periph-X	0.0
PART-subj-ADJ	0.0
PART-subj-ADP	0.0
PART-subj-ADV	0.0
PART-subj-AUX	43.49999999999999
PART-subj-CCONJ	0.0
PART-subj-DET	0.0
PART-subj-NOUN	6.533865033200054
PART-subj-NUM	0.0
PART-subj-PART	10970.000000000024
PART-subj-PRON	6.3777305380442755
PART-subj-PROPN	10970.000000000024
PART-subj-SCONJ	10970.000000000024
PART-subj-SYM	0.0
PART-subj-VERB	10970.000000000024
PART-subj-X	0.0
PART-udep-ADJ	0.0
PART-udep-ADP	3.3812034046729638
PART-udep-ADV	0.0
PART-udep-AUX	0.0
PART-udep-CCONJ	111.50000000000001
PART-udep-DET	0.0
PART-udep-NOUN	2.7499999999999996
PART-udep-NUM	0.0
PART-udep-PART	10970.000000000024
PART-udep-PRON	0.0
PART-udep-PROPN	0.0
PART-udep-SCONJ	0.0
PART-udep-VERB	0.0
PART-udep-X	0.0
PRON-clf-ADP	0.0
PRON-clf-NOUN	0.0
PRON-clf-PART	0.0
PRON-comp-ADJ	0.5
PRON-comp-ADP	0.4999999999999985
PRON-comp-ADV	0.0
PRON-comp-AUX	0.49999999999999734
PRON-comp-CCONJ	0.0
PRON-comp-DET	2.2560975609756095
PRON-comp-NOUN	1.4405211352805822
PRON-comp-NUM	0.0
PRON-comp-PART	0.5
PRON-comp-PRON	1.763447432762836
PRON-comp-PROPN	0.5
PRON-comp-PUNCT	0.0
PRON-comp-SCONJ	0.49999999999999895
PRON-comp-SYM	0.0
PRON-comp-VERB	0.5000000000000013
PRON-comp-X	0.0
PRON-comp:aux-SCONJ	0.0
PRON-comp:aux-VERB	0.0
PRON-comp:cleft-AUX	0.0
PRON-comp:cleft-NOUN	0.0
PRON-comp:cleft-SCONJ	0.0
PRON-comp:cleft-VERB	0.0
PRON-comp:obj-ADJ	0.0
PRON-comp:obj-ADP	0.5
PRON-comp:obj-ADV	0.0
PRON-comp:obj-AUX	0.5
PRON-comp:obj-CCONJ	0.0
PRON-comp:obj-DET	0.0
PRON-comp:obj-NOUN	0.49999999999999994
PRON-comp:obj-NUM	0.0
PRON-comp:obj-PART	0.0
PRON-comp:obj-PRON	1.9218357834349227
PRON-comp:obj-PROPN	0.0
PRON-comp:obj-PUNCT	0.0
PRON-comp:obj-SCONJ	0.5
PRON-comp:obj-SYM	0.0
PRON-comp:obj-VERB	0.5000000000000008
PRON-comp:obj-X	0.0
PRON-comp:obl-ADJ	0.0
PRON-comp:obl-ADP	0.49999999999999906
PRON-comp:obl-ADV	0.0
PRON-comp:obl-AUX	0.5000000000000326
PRON-comp:obl-CCONJ	0.0
PRON-comp:obl-DET	0.0
PRON-comp:obl-NOUN	0.0
PRON-comp:obl-NUM	0.0
PRON-comp:obl-PART	0.5
PRON-comp:obl-PRON	0.0
PRON-comp:obl-PROPN	0.0
PRON-comp:obl-SCONJ	0.5000000000000034
PRON-comp:obl-VERB	0.4999999999999965
PRON-comp:pred-ADJ	0.5
PRON-comp:pred-ADP	0.0
PRON-comp:pred-ADV	0.0
PRON-comp:pred-AUX	0.0
PRON-comp:pred-DET	8.5
PRON-comp:pred-NOUN	3.611045944055114
PRON-comp:pred-NUM	0.0
PRON-comp:pred-PART	0.0
PRON-comp:pred-PRON	11.166666666666666
PRON-comp:pred-PROPN	0.5
PRON-comp:pred-SCONJ	0.5
PRON-comp:pred-SYM	0.0
PRON-comp:pred-VERB	0.5
PRON-comp:pred-X	0.0
PRON-det-ADJ	0.0
PRON-det-ADP	0.0
PRON-det-ADV	29.499999999999996
PRON-det-AUX	0.0
PRON-det-CCONJ	0.0
PRON-det-DET	2.3031752895760516
PRON-det-NOUN	0.0
PRON-det-NUM	0.0
PRON-det-PART	0.0
PRON-det-PRON	2.0888431825022575
PRON-det-SCONJ	0.0
PRON-det-X	0.0
PRON-det:num-NUM	0.0
PRON-dislocated-ADJ	0.0
PRON-dislocated-ADP	0.0
PRON-dislocated-AUX	0.0
PRON-dislocated-DET	0.0
PRON-dislocated-NOUN	0.0
PRON-dislocated-NUM	0.0
PRON-dislocated-PART	0.0
PRON-dislocated-PRON	0.0
PRON-dislocated-PROPN	0.0
PRON-dislocated-SCONJ	0.0
PRON-dislocated-VERB	0.0
PRON-dislocated-X	0.0
PRON-mod-ADJ	0.708612843678489
PRON-mod-ADP	0.5953500810870712
PRON-mod-ADV	0.89609136854862
PRON-mod-AUX	2.995467873766532
PRON-mod-CCONJ	14.487341772151892
PRON-mod-DET	0.8727689383050183
PRON-mod-INTJ	0.0
PRON-mod-NOUN	1.398341351379247
PRON-mod-NUM	0.8577992186824612
PRON-mod-PART	1.5797786765874313
PRON-mod-PRON	0.8284844407868677
PRON-mod-PROPN	0.5
PRON-mod-SCONJ	0.5000000000000001
PRON-mod-SYM	0.0
PRON-mod-VERB	1.7821297063103883
PRON-mod-X	0.0
PRON-mod:appos-NOUN	0.0
PRON-mod:appos-PRON	0.0
PRON-mod:emph-ADV	0.0
PRON-mod:emph-PART	0.0
PRON-mod:emph-PRON	0.0
PRON-mod:num-NUM	0.0
PRON-mod:obj-VERB	0.0
PRON-mod:periph$cond-SCONJ	0.0
PRON-mod:periph$reason-ADP	0.0
PRON-mod:periph$tempo-ADP	0.0
PRON-mod:periph$tempo-ADV	0.0
PRON-mod:periph-ADV	0.0
PRON-mod:periph-NOUN	0.0
PRON-mod:periph-SCONJ	0.0
PRON-mod:periph-X	0.0
PRON-mod:poss-PRON	0.0
PRON-subj-ADJ	0.0
PRON-subj-ADP	10970.000000000024
PRON-subj-ADV	0.0
PRON-subj-AUX	0.0
PRON-subj-CCONJ	0.0
PRON-subj-DET	10970.000000000024
PRON-subj-INTJ	0.0
PRON-subj-NOUN	1.944919628151752
PRON-subj-NUM	0.0
PRON-subj-PART	0.0
PRON-subj-PRON	1.7345058626465661
PRON-subj-PROPN	0.0
PRON-subj-SCONJ	0.0
PRON-subj-SYM	0.0
PRON-subj-VERB	0.0
PRON-subj-X	0.0
PRON-udep-ADJ	0.0
PRON-udep-ADP	0.9590026150202763
PRON-udep-ADV	1.1016949152542375
PRON-udep-AUX	0.5
PRON-udep-CCONJ	0.5
PRON-udep-DET	0.5
PRON-udep-INTJ	0.0
PRON-udep-NOUN	3.0017605725526337
PRON-udep-NUM	0.0
PRON-udep-PART	0.4999999999999936
PRON-udep-PRON	0.5
PRON-udep-PROPN	10970.000000000024
PRON-udep-SCONJ	1.9105493027109006
PRON-udep-SYM	0.0
PRON-udep-VERB	0.0
PRON-udep-X	0.0
PROPN-clf-NOUN	10970.000000000024
PROPN-clf-PRON	0.0
PROPN-clf-PROPN	0.0
PROPN-clf-SYM	0.0
PROPN-comp-ADJ	0.5
PROPN-comp-ADP	0.4999999999999985
PROPN-comp-ADV	0.0
PROPN-comp-AUX	0.0
PROPN-comp-CCONJ	0.0
PROPN-comp-DET	0.5
PROPN-comp-NOUN	0.5000000000000008
PROPN-comp-NUM	0.0
PROPN-comp-PART	0.0
PROPN-comp-PRON	10.499999999999998
PROPN-comp-PROPN	0.5
PROPN-comp-SCONJ	0.5000000000000003
PROPN-comp-SYM	0.0
PROPN-comp-VERB	0.5
PROPN-comp-X	0.0
PROPN-comp:aux-AUX	0.0
PROPN-comp:aux-PROPN	0.0
PROPN-comp:aux-VERB	0.0
PROPN-comp:cleft-AUX	0.0
PROPN-comp:cleft-PART	0.0
PROPN-comp:obj-ADJ	0.0
PROPN-comp:obj-ADP	0.5
PROPN-comp:obj-ADV	0.0
PROPN-comp:obj-AUX	0.0
PROPN-comp:obj-CCONJ	0.0
PROPN-comp:obj-DET	0.0
PROPN-comp:obj-NOUN	0.0
PROPN-comp:obj-NUM	0.0
PROPN-comp:obj-PART	0.0
PROPN-comp:obj-PRON	0.0
PROPN-comp:obj-PROPN	0.49999999999999784
PROPN-comp:obj-SCONJ	0.0
PROPN-comp:obj-SYM	0.0
PROPN-comp:obj-VERB	0.0
PROPN-comp:obj-X	0.0
PROPN-comp:obl-ADJ	0.0
PROPN-comp:obl-ADP	0.0
PROPN-comp:obl-ADV	0.0
PROPN-comp:obl-AUX	0.0
PROPN-comp:obl-CCONJ	0.0
PROPN-comp:obl-NOUN	0.0
PROPN-comp:obl-NUM	0.0
PROPN-comp:obl-PART	0.0
PROPN-comp:obl-PRON	10.499999999999998
PROPN-comp:obl-PROPN	0.0
PROPN-comp:obl-SCONJ	0.0
PROPN-comp:obl-VERB	0.5
PROPN-comp:obl-X	0.0
PROPN-comp:pred-ADJ	0.5
PROPN-comp:pred-ADP	0.0
PROPN-comp:pred-ADV	0.0
PROPN-comp:pred-AUX	0.0
PROPN-comp:pred-CCONJ	0.0
PROPN-comp:pred-DET	0.5
PROPN-comp:pred-NOUN	0.0
PROPN-comp:pred-NUM	0.0
PROPN-comp:pred-PART	0.0
PROPN-comp:pred-PRON	0.0
PROPN-comp:pred-PROPN	0.0
PROPN-comp:pred-SCONJ	0.5
PROPN-comp:pred-VERB	0.0
PROPN-det-ADP	0.0
PROPN-det-ADV	0.0
PROPN-det-AUX	0.0
PROPN-det-CCONJ	0.0
PROPN-det-DET	14.443844641129973
PROPN-det-NOUN	0.0
PROPN-det-NUM	0.0
PROPN-det-PART	0.0
PROPN-det-PRON	146.50855962219597
PROPN-det-PROPN	5.411764705882354
PROPN-det-PUNCT	0.0
PROPN-det-SCONJ	0.0
PROPN-det:num-NUM	0.0
PROPN-dislocated-ADJ	0.0
PROPN-dislocated-ADP	0.0
PROPN-dislocated-ADV	0.0
PROPN-dislocated-INTJ	0.0
PROPN-dislocated-NOUN	0.0
PROPN-dislocated-NUM	0.0
PROPN-dislocated-PART	0.0
PROPN-dislocated-PRON	0.0
PROPN-dislocated-PROPN	0.0
PROPN-dislocated-VERB	0.0
PROPN-mod-ADJ	2.5537239736424153
PROPN-mod-ADP	0.5000000000000001
PROPN-mod-ADV	1.400133745721336
PROPN-mod-AUX	2.427494748232399
PROPN-mod-CCONJ	3.6670124481327804
PROPN-mod-DET	2.6441186859766863
PROPN-mod-INTJ	0.0
PROPN-mod-NOUN	1.830037508983139
PROPN-mod-NUM	0.8953252576862816
PROPN-mod-PART	4.91277705232983
PROPN-mod-PRON	1.01724736204485
PROPN-mod-PROPN	1.995865958065171
PROPN-mod-SCONJ	0.4999999999999981
PROPN-mod-SYM	3.6844412724306683
PROPN-mod-VERB	1.347021610928721
PROPN-mod-X	2.0034182043030206
PROPN-mod:appos-NOUN	0.0
PROPN-mod:appos-NUM	0.0
PROPN-mod:appos-PROPN	0.0
PROPN-mod:emph-ADP	0.0
PROPN-mod:emph-ADV	0.0
PROPN-mod:emph-PART	0.0
PROPN-mod:emph-PRON	0.0
PROPN-mod:emph-X	0.0
PROPN-mod:m-PROPN	0.0
PROPN-mod:num-NUM	0.0
PROPN-mod:periph-ADV	0.0
PROPN-mod:periph-NOUN	0.0
PROPN-mod:periph-SCONJ	0.0
PROPN-mod:poss-PRON	0.0
PROPN-subj-ADJ	0.0
PROPN-subj-ADP	10970.000000000024
PROPN-subj-ADV	0.0
PROPN-subj-AUX	0.0
PROPN-subj-CCONJ	0.0
PROPN-subj-DET	0.0
PROPN-subj-NOUN	18.500901033044862
PROPN-subj-NUM	0.0
PROPN-subj-PART	0.0
PROPN-subj-PRON	75.49999999999999
PROPN-subj-PROPN	10970.000000000024
PROPN-subj-SCONJ	0.0
PROPN-subj-SYM	0.0
PROPN-subj-VERB	0.0
PROPN-subj-X	0.0
PROPN-udep-ADJ	0.0
PROPN-udep-ADP	1.3336313549317937
PROPN-udep-ADV	8.375
PROPN-udep-AUX	10970.000000000024
PROPN-udep-CCONJ	0.5
PROPN-udep-DET	0.0
PROPN-udep-NOUN	1.5590586131555353
PROPN-udep-NUM	0.0
PROPN-udep-PART	19.72222222222222
PROPN-udep-PRON	0.0
PROPN-udep-PROPN	1.0942028985507246
PROPN-udep-SCONJ	3.759259259259261
PROPN-udep-SYM	0.0
PROPN-udep-VERB	0.0
PROPN-udep-X	0.0
PUNCT-comp-ADP	0.0
PUNCT-comp-AUX	0.0
PUNCT-comp-CCONJ	0.0
PUNCT-comp-NOUN	0.0
PUNCT-comp-NUM	0.0
PUNCT-comp-PART	0.0
PUNCT-comp:obj-AUX	0.0
PUNCT-comp:obj-CCONJ	0.0
PUNCT-comp:obj-NUM	0.0
PUNCT-comp:obj-PART	0.0
PUNCT-comp:obl-ADP	0.0
PUNCT-comp:pred-NOUN	0.0
PUNCT-det-DET	0.0
PUNCT-det-NUM	0.0
PUNCT-mod-ADJ	0.0
PUNCT-mod-ADP	0.0
PUNCT-mod-ADV	0.0
PUNCT-mod-AUX	0.0
PUNCT-mod-NOUN	0.0
PUNCT-mod-NUM	0.0
PUNCT-mod-PART	0.0
PUNCT-mod-VERB	0.0
PUNCT-subj-ADJ	0.0
PUNCT-subj-ADP	0.0
PUNCT-subj-NOUN	0.0
PUNCT-udep-ADP	0.0
PUNCT-udep-PROPN	0.0
SCONJ-comp-ADJ	1.601237293760141
SCONJ-comp-ADP	4.472386805293567
SCONJ-comp-ADV	1.0733649907946947
SCONJ-comp-AUX	2.2948193404415425
SCONJ-comp-CCONJ	43.99999999999997
SCONJ-comp-DET	0.5000000000000031
SCONJ-comp-INTJ	0.0
SCONJ-comp-NOUN	2.6518629707646943
SCONJ-comp-NUM	10970.000000000024
SCONJ-comp-PART	4.940411108681407
SCONJ-comp-PRON	6.166500942732932
SCONJ-comp-PROPN	45.19779225479549
SCONJ-comp-SCONJ	9.236511467773074
SCONJ-comp-SYM	0.0
SCONJ-comp-VERB	1.5931347691958782
SCONJ-comp-X	0.0
SCONJ-comp:aff-AUX	0.0
SCONJ-comp:aff-VERB	0.0
SCONJ-comp:aux-AUX	0.0
SCONJ-comp:aux-VERB	0.0
SCONJ-comp:cleft-AUX	0.0
SCONJ-comp:cleft-PRON	0.0
SCONJ-comp:cleft-SCONJ	0.0
SCONJ-comp:cleft-VERB	0.0
SCONJ-comp:m-PRON	0.0
SCONJ-comp:m-VERB	0.0
SCONJ-comp:obj-ADJ	1.610264343066036
SCONJ-comp:obj-ADP	4.447287664815806
SCONJ-comp:obj-ADV	0.49999999999999983
SCONJ-comp:obj-AUX	1.3973498151621702
SCONJ-comp:obj-CCONJ	43.99999999999997
SCONJ-comp:obj-DET	0.5000000000000031
SCONJ-comp:obj-INTJ	0.0
SCONJ-comp:obj-NOUN	2.636197472802949
SCONJ-comp:obj-NUM	10970.000000000024
SCONJ-comp:obj-PART	4.938669312137127
SCONJ-comp:obj-PRON	6.134064982251993
SCONJ-comp:obj-PROPN	45.19779225479549
SCONJ-comp:obj-SCONJ	4.87256461551489
SCONJ-comp:obj-SYM	0.0
SCONJ-comp:obj-VERB	1.4114021091478877
SCONJ-comp:obj-X	0.0
SCONJ-comp:obl$cause-VERB	0.0
SCONJ-comp:obl-ADJ	0.0
SCONJ-comp:obl-ADP	0.0
SCONJ-comp:obl-ADV	10970.000000000024
SCONJ-comp:obl-AUX	10970.000000000024
SCONJ-comp:obl-CCONJ	10970.000000000024
SCONJ-comp:obl-DET	0.0
SCONJ-comp:obl-INTJ	0.0
SCONJ-comp:obl-NOUN	0.0
SCONJ-comp:obl-PART	0.0
SCONJ-comp:obl-PRON	0.0
SCONJ-comp:obl-PROPN	0.0
SCONJ-comp:obl-SCONJ	10970.000000000024
SCONJ-comp:obl-VERB	116.5000000000004
SCONJ-comp:pred-ADJ	0.0
SCONJ-comp:pred-ADP	0.0
SCONJ-comp:pred-ADV	0.0
SCONJ-comp:pred-AUX	0.0
SCONJ-comp:pred-CCONJ	0.0
SCONJ-comp:pred-NOUN	0.0
SCONJ-comp:pred-PRON	0.0
SCONJ-comp:pred-PROPN	0.0
SCONJ-comp:pred-SCONJ	10970.000000000024
SCONJ-comp:pred-VERB	0.0
SCONJ-comp:pred-X	0.0
SCONJ-det-ADP	0.0
SCONJ-det-DET	0.0
SCONJ-det-NUM	0.0
SCONJ-det-PRON	0.0
SCONJ-dislocated-ADJ	0.0
SCONJ-dislocated-ADP	0.0
SCONJ-dislocated-AUX	0.0
SCONJ-dislocated-CCONJ	0.0
SCONJ-dislocated-DET	0.0
SCONJ-dislocated-NOUN	10970.000000000024
SCONJ-dislocated-NUM	0.0
SCONJ-dislocated-PART	0.0
SCONJ-dislocated-PRON	10970.000000000024
SCONJ-dislocated-PROPN	10970.000000000024
SCONJ-dislocated-SCONJ	0.0
SCONJ-dislocated-VERB	0.0
SCONJ-dislocated-X	0.0
SCONJ-dislocated:obj-NOUN	0.0
SCONJ-mod-ADJ	10970.000000000024
SCONJ-mod-ADP	10970.000000000024
SCONJ-mod-ADV	13.438653203563968
SCONJ-mod-AUX	0.5000000000000019
SCONJ-mod-CCONJ	79.0
SCONJ-mod-DET	0.0
SCONJ-mod-INTJ	0.0
SCONJ-mod-NOUN	3.807228915662652
SCONJ-mod-NUM	0.0
SCONJ-mod-PART	17.284746377617953
SCONJ-mod-PRON	0.0
SCONJ-mod-PROPN	0.0
SCONJ-mod-SCONJ	15.529672696858063
SCONJ-mod-SYM	0.0
SCONJ-mod-VERB	3.707879755809865
SCONJ-mod-X	0.0
SCONJ-mod:emph-ADV	0.0
SCONJ-mod:emph-PART	0.0
SCONJ-mod:periph$cond-SCONJ	0.0
SCONJ-mod:periph$manner-ADP	0.0
SCONJ-mod:periph$tempo-ADP	0.0
SCONJ-mod:periph-ADP	0.0
SCONJ-mod:periph-ADV	0.0
SCONJ-mod:periph-NOUN	0.0
SCONJ-mod:periph-PART	0.0
SCONJ-subj-ADJ	0.0
SCONJ-subj-ADP	0.0
SCONJ-subj-ADV	0.0
SCONJ-subj-AUX	0.0
SCONJ-subj-CCONJ	10970.000000000024
SCONJ-subj-DET	0.0
SCONJ-subj-INTJ	0.0
SCONJ-subj-NOUN	5.656156142168656
SCONJ-subj-NUM	0.0
SCONJ-subj-PART	0.0
SCONJ-subj-PRON	10.13594570928196
SCONJ-subj-PROPN	10970.000000000024
SCONJ-subj-SCONJ	0.0
SCONJ-subj-SYM	0.0
SCONJ-subj-VERB	0.0
SCONJ-subj-X	0.0
SCONJ-udep-ADJ	0.0
SCONJ-udep-ADP	9.425440651930458
SCONJ-udep-ADV	10970.000000000024
SCONJ-udep-AUX	0.0
SCONJ-udep-CCONJ	10970.000000000024
SCONJ-udep-DET	0.0
SCONJ-udep-NOUN	3.357142857142857
SCONJ-udep-NUM	0.0
SCONJ-udep-PART	0.0
SCONJ-udep-PRON	0.0
SCONJ-udep-PROPN	0.0
SCONJ-udep-SCONJ	0.0
SCONJ-udep-VERB	0.0
SCONJ-udep-X	0.0
SYM-comp-ADJ	0.0
SYM-comp-ADP	0.0
SYM-comp-ADV	0.0
SYM-comp-AUX	0.0
SYM-comp-CCONJ	0.0
SYM-comp-DET	0.0
SYM-comp-NOUN	0.5
SYM-comp-NUM	0.4999999999999975
SYM-comp-PART	0.0
SYM-comp-PRON	0.0
SYM-comp-PROPN	0.0
SYM-comp-SCONJ	0.0
SYM-comp-SYM	0.0
SYM-comp-VERB	0.0
SYM-comp-X	0.0
SYM-comp:obj-ADJ	0.0
SYM-comp:obj-ADP	0.0
SYM-comp:obj-ADV	0.0
SYM-comp:obj-AUX	0.0
SYM-comp:obj-CCONJ	0.0
SYM-comp:obj-DET	0.0
SYM-comp:obj-NOUN	0.0
SYM-comp:obj-NUM	0.4999999999999975
SYM-comp:obj-PRON	0.0
SYM-comp:obj-PROPN	0.0
SYM-comp:obj-SCONJ	0.0
SYM-comp:obj-SYM	0.0
SYM-comp:obj-VERB	0.0
SYM-comp:obj-X	0.0
SYM-comp:obl-ADP	0.0
SYM-comp:obl-AUX	0.0
SYM-comp:obl-NOUN	0.0
SYM-comp:obl-PART	0.0
SYM-comp:obl-PRON	0.0
SYM-comp:obl-SCONJ	0.0
SYM-comp:obl-VERB	0.0
SYM-comp:pred-ADJ	0.0
SYM-comp:pred-ADP	0.0
SYM-comp:pred-NOUN	0.0
SYM-comp:pred-NUM	0.0
SYM-comp:pred-PART	0.0
SYM-comp:pred-SCONJ	0.0
SYM-det-ADP	0.0
SYM-det-ADV	0.0
SYM-det-DET	230.87508069722404
SYM-det-NUM	0.0
SYM-det-PRON	0.0
SYM-det-X	0.0
SYM-dislocated-NOUN	0.0
SYM-mod-ADJ	0.9688796680497926
SYM-mod-ADP	0.0
SYM-mod-ADV	1.3770744243634963
SYM-mod-AUX	0.0
SYM-mod-CCONJ	0.0
SYM-mod-DET	0.0
SYM-mod-NOUN	1.4888572168955694
SYM-mod-NUM	3.7609925301787155
SYM-mod-PART	0.0
SYM-mod-PRON	101.50000000000001
SYM-mod-PROPN	0.0
SYM-mod-SCONJ	0.0
SYM-mod-SYM	0.5
SYM-mod-VERB	0.5
SYM-mod-X	0.0
SYM-subj-ADJ	0.0
SYM-subj-ADP	0.0
SYM-subj-ADV	0.0
SYM-subj-DET	0.0
SYM-subj-NOUN	1.4666666666666668
SYM-subj-NUM	0.0
SYM-subj-PRON	0.0
SYM-subj-PROPN	0.0
SYM-subj-SYM	0.0
SYM-subj-VERB	0.0
SYM-subj-X	0.0
SYM-udep-ADJ	0.0
SYM-udep-ADP	0.5000000000000007
SYM-udep-ADV	0.0
SYM-udep-AUX	0.0
SYM-udep-CCONJ	0.0
SYM-udep-DET	0.0
SYM-udep-INTJ	0.0
SYM-udep-NOUN	0.0
SYM-udep-NUM	0.5
SYM-udep-PART	0.0
SYM-udep-PRON	0.0
SYM-udep-PROPN	0.0
SYM-udep-SCONJ	0.0
SYM-udep-SYM	0.0
SYM-udep-VERB	0.0
SYM-udep-X	0.0
VERB-clf-ADJ	0.0
VERB-clf-ADP	0.0
VERB-clf-ADV	0.0
VERB-clf-AUX	0.0
VERB-clf-NOUN	0.0
VERB-clf-PART	0.0
VERB-clf-VERB	0.0
VERB-comp-ADJ	1.1352627608565133
VERB-comp-ADP	0.9669762664989746
VERB-comp-ADV	0.8798423323487231
VERB-comp-AUX	0.8000859168787555
VERB-comp-CCONJ	1.606539950557232
VERB-comp-DET	1.4793352534298443
VERB-comp-INTJ	0.5
VERB-comp-NOUN	1.456604724158
VERB-comp-NUM	0.8527551607533937
VERB-comp-PART	1.5174990462150528
VERB-comp-PRON	1.425084817050474
VERB-comp-PROPN	0.910400059683435
VERB-comp-PUNCT	0.0
VERB-comp-SCONJ	0.8903085167338548
VERB-comp-SYM	0.49999999999999967
VERB-comp-VERB	1.0770145047753426
VERB-comp-X	0.7201647607379966
VERB-comp:aff-AUX	0.0
VERB-comp:arg-NUM	0.0
VERB-comp:aux-ADJ	0.0
VERB-comp:aux-ADP	0.0
VERB-comp:aux-ADV	0.5
VERB-comp:aux-AUX	0.0
VERB-comp:aux-CCONJ	0.0
VERB-comp:aux-NOUN	0.0
VERB-comp:aux-NUM	0.0
VERB-comp:aux-PART	0.0
VERB-comp:aux-PRON	0.0
VERB-comp:aux-SCONJ	0.5
VERB-comp:aux-VERB	0.49999999999998596
VERB-comp:aux-X	0.0
VERB-comp:ben-NOUN	0.0
VERB-comp:ben-PRON	0.0
VERB-comp:ben-PROPN	0.0
VERB-comp:cleft-AUX	0.0
VERB-comp:cleft-NOUN	0.0
VERB-comp:cleft-NUM	0.0
VERB-comp:cleft-PART	0.0
VERB-comp:cleft-SCONJ	0.0
VERB-comp:cleft-VERB	0.0
VERB-comp:goal-ADP	0.0
VERB-comp:goal-ADV	0.0
VERB-comp:goal-INTJ	0.0
VERB-comp:goal-NOUN	0.0
VERB-comp:goal-PART	0.0
VERB-comp:goal-PRON	0.0
VERB-comp:goal-PROPN	0.0
VERB-comp:goal-VERB	0.0
VERB-comp:loc-ADP	0.0
VERB-comp:loc-ADV	0.0
VERB-comp:loc-NOUN	0.0
VERB-comp:loc-PRON	0.0
VERB-comp:loc-PROPN	0.0
VERB-comp:m-ADJ	0.0
VERB-comp:m-ADP	0.0
VERB-comp:m-ADV	0.0
VERB-comp:m-AUX	0.0
VERB-comp:m-NOUN	0.0
VERB-comp:m-NUM	0.0
VERB-comp:m-VERB	0.0
VERB-comp:obj$attitude-ADP	0.0
VERB-comp:obj$attitude-AUX	0.0
VERB-comp:obj$attitude-SCONJ	0.0
VERB-comp:obj$attitude-VERB	0.0
VERB-comp:obj$concess-VERB	0.0
VERB-comp:obj$desire-ADJ	0.0
VERB-comp:obj$desire-AUX	0.0
VERB-comp:obj$desire-SCONJ	0.0
VERB-comp:obj$desire-VERB	0.0
VERB-comp:obj$desire-X	0.0
VERB-comp:obj$know-ADP	0.0
VERB-comp:obj$know-AUX	0.0
VERB-comp:obj$know-SCONJ	0.0
VERB-comp:obj$know-VERB	0.0
VERB-comp:obj$percep-ADP	0.0
VERB-comp:obj$percep-AUX	0.0
VERB-comp:obj$phase-AUX	0.0
VERB-comp:obj$phase-NOUN	0.0
VERB-comp:obj$phase-VERB	0.0
VERB-comp:obj$utter-SCONJ	0.0
VERB-comp:obj$utter-VERB	0.0
VERB-comp:obj-ADJ	0.9550014685388685
VERB-comp:obj-ADP	1.3502598167136033
VERB-comp:obj-ADV	0.9889497648851278
VERB-comp:obj-AUX	0.7997921853010542
VERB-comp:obj-CCONJ	4.128719204767276
VERB-comp:obj-DET	1.5008857804109403
VERB-comp:obj-INTJ	0.5
VERB-comp:obj-NOUN	1.4444479421578598
VERB-comp:obj-NOUNPROPN	1.4718610185387253
VERB-comp:obj-NUM	0.8809907012565275
VERB-comp:obj-PART	1.6835737665799522
VERB-comp:obj-PRON	1.4111832245547002
VERB-comp:obj-PROPN	0.9588074870492531
VERB-comp:obj-PUNCT	0.0
VERB-comp:obj-SCONJ	1.1471376202208645
VERB-comp:obj-SYM	0.5
VERB-comp:obj-VERB	1.0718853367042473
VERB-comp:obj-X	0.7056355483053713
VERB-comp:obl$attitude-ADP	0.0
VERB-comp:obl$attitude-SCONJ	0.0
VERB-comp:obl$attitude-VERB	0.0
VERB-comp:obl$cause-ADP	0.0
VERB-comp:obl$cause-AUX	0.0
VERB-comp:obl$cause-SCONJ	0.0
VERB-comp:obl$cause-VERB	0.0
VERB-comp:obl$cause-X	0.0
VERB-comp:obl$desire-ADP	0.0
VERB-comp:obl$desire-SCONJ	0.0
VERB-comp:obl$desire-VERB	0.0
VERB-comp:obl$know-ADP	0.0
VERB-comp:obl$know-SCONJ	0.0
VERB-comp:obl$modal-ADP	0.0
VERB-comp:obl$modal-AUX	0.0
VERB-comp:obl$modal-SCONJ	0.0
VERB-comp:obl$modal-VERB	0.0
VERB-comp:obl$percep-ADP	0.0
VERB-comp:obl$percep-AUX	0.0
VERB-comp:obl$percep-VERB	0.0
VERB-comp:obl$phase-ADP	0.0
VERB-comp:obl$request-ADP	0.0
VERB-comp:obl$utter-SCONJ	0.0
VERB-comp:obl-ADJ	0.8062632336092987
VERB-comp:obl-ADP	1.1247105062075593
VERB-comp:obl-ADPNOUN	1.032590901622047
VERB-comp:obl-ADV	1.259188597778583
VERB-comp:obl-AUX	0.9812771685791218
VERB-comp:obl-CCONJ	26.000000000000092
VERB-comp:obl-DET	1.3079953715530581
VERB-comp:obl-INTJ	0.0
VERB-comp:obl-NOUN	0.8304941708833257
VERB-comp:obl-NUM	0.4999999999999998
VERB-comp:obl-PART	0.49999999999999833
VERB-comp:obl-PRON	1.3401472707966682
VERB-comp:obl-PROPN	0.628378532936754
VERB-comp:obl-SCONJ	0.9356824274122465
VERB-comp:obl-SYM	0.0
VERB-comp:obl-VERB	1.0964515262753303
VERB-comp:obl-X	0.5
VERB-comp:pred$attitude-VERB	0.0
VERB-comp:pred$manner-SCONJ	0.0
VERB-comp:pred-ADJ	1.2685240725068432
VERB-comp:pred-ADP	0.7725171936718273
VERB-comp:pred-ADV	0.9342051000669708
VERB-comp:pred-AUX	0.4999999999999995
VERB-comp:pred-CCONJ	10970.000000000024
VERB-comp:pred-DET	0.6931878658861096
VERB-comp:pred-INTJ	0.0
VERB-comp:pred-NOUN	1.0791647770239332
VERB-comp:pred-NUM	0.5
VERB-comp:pred-PART	0.5
VERB-comp:pred-PRON	0.7678182410465638
VERB-comp:pred-PROPN	0.568567443680853
VERB-comp:pred-SCONJ	1.0967018210545476
VERB-comp:pred-SYM	0.0
VERB-comp:pred-VERB	0.7996893156749866
VERB-comp:pred-X	0.5
VERB-comp:source-ADV	0.0
VERB-det-ADP	0.5462649112138304
VERB-det-ADV	0.0
VERB-det-AUX	0.0
VERB-det-CCONJ	0.0
VERB-det-DET	5.252929234127586
VERB-det-NOUN	0.0
VERB-det-NUM	0.0
VERB-det-PART	0.0
VERB-det-PRON	73.50000000000001
VERB-det-SCONJ	0.0
VERB-det-VERB	0.0
VERB-det-X	0.0
VERB-det:num-NUM	0.0
VERB-dislocated-ADJ	0.0
VERB-dislocated-ADP	1.9285714285714284
VERB-dislocated-ADV	0.0
VERB-dislocated-AUX	0.0
VERB-dislocated-CCONJ	10970.000000000024
VERB-dislocated-DET	0.0
VERB-dislocated-INTJ	0.0
VERB-dislocated-NOUN	2.9284586264883057
VERB-dislocated-NUM	10970.000000000024
VERB-dislocated-PART	0.0
VERB-dislocated-PRON	4.8360121995039576
VERB-dislocated-PROPN	10970.000000000024
VERB-dislocated-SCONJ	10970.000000000024
VERB-dislocated-SYM	0.0
VERB-dislocated-VERB	10.076453889979337
VERB-dislocated-X	0.0
VERB-dislocated:obj-NOUN	0.0
VERB-dislocated:obj-PRON	0.0
VERB-mod-ADJ	1.203176652226915
VERB-mod-ADP	0.8682700375346621
VERB-mod-ADV	1.3600786061785992
VERB-mod-AUX	1.0185269448607748
VERB-mod-CCONJ	1.3340786247503584
VERB-mod-DET	1.6163535720959934
VERB-mod-INTJ	7.666666666666667
VERB-mod-NOUN	1.86427085456278
VERB-mod-NUM	2.004809767764445
VERB-mod-PART	2.923256179959689
VERB-mod-PRON	1.6580208498255509
VERB-mod-PROPN	2.8522719301590542
VERB-mod-PUNCT	0.0
VERB-mod-SCONJ	0.6846374736147139
VERB-mod-SYM	52.5
VERB-mod-VERB	1.0118173173478628
VERB-mod-X	2.6055253772619973
VERB-mod:appos-ADP	0.0
VERB-mod:aux-AUX	0.0
VERB-mod:emph-ADP	0.0
VERB-mod:emph-ADV	0.5
VERB-mod:emph-PART	0.5
VERB-mod:m-ADJ	0.0
VERB-mod:m-ADV	10970.000000000024
VERB-mod:m-NOUN	0.0
VERB-mod:m-VERB	0.0
VERB-mod:periph$concess-AUX	0.0
VERB-mod:periph$concess-PART	0.0
VERB-mod:periph$cond-SCONJ	10970.000000000024
VERB-mod:periph$cond-VERB	0.0
VERB-mod:periph$manner-ADP	0.0
VERB-mod:periph$purp-ADP	0.0
VERB-mod:periph$reason-ADP	0.0
VERB-mod:periph$reason-SCONJ	0.0
VERB-mod:periph$tempa-ADP	0.0
VERB-mod:periph$tempb-ADP	0.0
VERB-mod:periph$tempo-ADP	10970.000000000024
VERB-mod:periph$tempo-ADV	10970.000000000024
VERB-mod:periph$tempo-AUX	0.0
VERB-mod:periph$tempo-SCONJ	0.0
VERB-mod:periph-ADJ	0.0
VERB-mod:periph-ADP	32.24999999999999
VERB-mod:periph-ADV	10970.000000000024
VERB-mod:periph-AUX	0.0
VERB-mod:periph-DET	0.0
VERB-mod:periph-NOUN	0.0
VERB-mod:periph-NUM	0.0
VERB-mod:periph-PART	0.0
VERB-mod:periph-PRON	0.0
VERB-mod:periph-PROPN	0.0
VERB-mod:periph-SCONJ	0.0
VERB-mod:periph-VERB	0.0
VERB-mod:periph-X	0.0
VERB-mod:poss-ADJ	0.0
VERB-mod:poss-PRON	0.0
VERB-mod:pred-ADJ	0.0
VERB-subj-ADJ	1.6282277694292513
VERB-subj-ADP	1.868017825316655
VERB-subj-ADV	0.7816593754440491
VERB-subj-AUX	1.1193120216643002
VERB-subj-CCONJ	2.5349951243828954
VERB-subj-DET	4.069786772525408
VERB-subj-INTJ	0.0
VERB-subj-NOUN	1.7999314649302303
VERB-subj-NOUNPROPN	1.8362016326120503
VERB-subj-NUM	1.3647656574571294
VERB-subj-PART	2.0827720212129286
VERB-subj-PRON	4.6639032997416665
VERB-subj-PROPN	1.8919724277612024
VERB-subj-SCONJ	0.9189102004325954
VERB-subj-SYM	1.8399277973812096
VERB-subj-VERB	1.3359394004906249
VERB-subj-X	1.2647198845469236
VERB-subj:aff-PRON	0.9659090909090909
VERB-udep-ADJ	0.9649116513846383
VERB-udep-ADP	1.0247718029369863
VERB-udep-ADV	0.9933353306399537
VERB-udep-AUX	2.376883303132277
VERB-udep-CCONJ	1.6384940945791
VERB-udep-DET	1.2881714642055961
VERB-udep-INTJ	0.0
VERB-udep-NOUN	0.9868338244877524
VERB-udep-NUM	0.9241344990410583
VERB-udep-PART	3.2438742168376247
VERB-udep-PRON	1.3418363053300444
VERB-udep-PROPN	1.2432413249954661
VERB-udep-SCONJ	0.8300080876465623
VERB-udep-SYM	0.5
VERB-udep-VERB	1.1491933252512858
VERB-udep-X	1.1726294796639876
X-clf-NOUN	0.0
X-comp-ADJ	0.0
X-comp-ADP	0.5
X-comp-ADV	0.0
X-comp-AUX	0.0
X-comp-CCONJ	0.0
X-comp-DET	0.0
X-comp-INTJ	0.0
X-comp-NOUN	0.0
X-comp-NUM	0.0
X-comp-PART	0.0
X-comp-PRON	0.0
X-comp-PROPN	0.0
X-comp-SCONJ	0.5
X-comp-SYM	0.0
X-comp-VERB	0.0
X-comp-X	0.5
X-comp:aux-VERB	0.0
X-comp:cleft-VERB	0.0
X-comp:obj-ADJ	0.0
X-comp:obj-ADP	0.5
X-comp:obj-ADV	0.0
X-comp:obj-AUX	0.0
X-comp:obj-CCONJ	0.0
X-comp:obj-DET	0.0
X-comp:obj-INTJ	0.0
X-comp:obj-NOUN	0.0
X-comp:obj-NUM	0.0
X-comp:obj-PART	0.0
X-comp:obj-PRON	0.0
X-comp:obj-PROPN	0.0
X-comp:obj-SCONJ	0.0
X-comp:obj-SYM	0.0
X-comp:obj-VERB	0.0
X-comp:obj-X	0.0
X-comp:obl-ADJ	0.0
X-comp:obl-ADP	0.5
X-comp:obl-ADV	0.0
X-comp:obl-AUX	0.0
X-comp:obl-CCONJ	0.0
X-comp:obl-DET	0.0
X-comp:obl-NOUN	0.0
X-comp:obl-NUM	0.0
X-comp:obl-PRON	0.0
X-comp:obl-PROPN	0.0
X-comp:obl-SCONJ	0.0
X-comp:obl-VERB	0.0
X-comp:obl-X	0.0
X-comp:pred-ADJ	0.0
X-comp:pred-ADP	0.0
X-comp:pred-ADV	0.0
X-comp:pred-AUX	0.0
X-comp:pred-CCONJ	0.0
X-comp:pred-NOUN	0.0
X-comp:pred-PART	0.0
X-comp:pred-PRON	0.0
X-comp:pred-PROPN	0.0
X-comp:pred-VERB	0.0
X-comp:pred-X	0.0
X-det-DET	10960.000000000024
X-det-NUM	0.0
X-det-PART	0.0
X-det-PRON	10970.000000000024
X-det-SYM	0.0
X-det-X	0.0
X-det:num-NUM	0.0
X-dislocated-ADP	0.0
X-dislocated-NOUN	0.0
X-dislocated-VERB	0.0
X-dislocated-X	0.0
X-mod-ADJ	2.749870199615732
X-mod-ADP	0.0
X-mod-ADV	1.317755181853735
X-mod-AUX	0.0
X-mod-CCONJ	0.0
X-mod-DET	0.0
X-mod-NOUN	1.2365269320407946
X-mod-NUM	1.4673729221473772
X-mod-PART	19.75
X-mod-PRON	0.0
X-mod-PROPN	1.3387024104528045
X-mod-SCONJ	0.0
X-mod-SYM	0.0
X-mod-VERB	0.4999999999999967
X-mod-X	0.8410975591299672
X-mod:periph$cond-SCONJ	0.0
X-mod:periph$tempb-ADP	0.0
X-mod:periph$tempo-ADV	0.0
X-mod:periph-ADP	0.0
X-mod:periph-ADV	0.0
X-mod:periph-NOUN	0.0
X-mod:poss-PRON	0.0
X-subj-ADJ	0.0
X-subj-ADP	0.0
X-subj-AUX	0.0
X-subj-CCONJ	0.0
X-subj-DET	0.0
X-subj-NOUN	0.666666666666667
X-subj-NUM	0.0
X-subj-PRON	10.499999999999998
X-subj-PROPN	0.0
X-subj-SCONJ	0.0
X-subj-SYM	0.0
X-subj-VERB	0.0
X-subj-X	0.0
X-udep-ADJ	0.0
X-udep-ADP	0.4999999999999994
X-udep-ADV	0.0
X-udep-AUX	0.0
X-udep-CCONJ	0.0
X-udep-DET	0.0
X-udep-NOUN	0.5
X-udep-NUM	0.0
X-udep-PART	0.0
X-udep-PRON	0.0
X-udep-PROPN	0.0
X-udep-SCONJ	0.0
X-udep-SYM	0.0
X-udep-VERB	0.0
X-udep-X	0.0
